date,event_type,total_incidents,excess_incidents,riders_affected,excess_delay_min,economic_loss_usd,heavy_rain,extreme_heat,precip_mm,tmax_f
2020-01-01,normal,210,21.7,722,0.0,0.0,0,0,0.0,39.92
2020-01-02,normal,205,16.7,556,0.0,0.0,0,0,0.0,48.2
2020-01-03,normal,210,21.7,722,0.1,0.0,0,0,4.0,48.92
2020-01-04,normal,202,13.7,456,0.3,0.0,0,0,6.2,50.18
2020-01-05,normal,199,10.7,357,0.0,0.0,0,0,0.9,41.36
2020-01-06,normal,209,20.7,689,0.0,0.0,0,0,1.3,46.04
2020-01-07,normal,208,19.7,656,0.0,0.0,0,0,0.8,42.98
2020-01-08,normal,210,21.7,722,0.0,0.0,0,0,0.1,41.18
2020-01-09,normal,199,10.7,357,0.0,0.0,0,0,0.0,33.08
2020-01-10,normal,200,11.7,390,0.3,0.0,0,0,0.0,52.16
2020-01-11,normal,205,16.7,556,0.1,0.0,0,0,0.2,65.12
2020-01-12,normal,206,17.7,589,0.1,0.0,0,0,2.7,66.02
2020-01-13,normal,210,21.7,722,0.3,0.0,0,0,0.2,48.02
2020-01-14,normal,214,25.7,855,0.0,0.0,0,0,0.3,44.24
2020-01-15,normal,206,17.7,589,0.0,0.0,0,0,0.1,48.92
2020-01-16,normal,210,21.7,722,0.1,0.0,0,0,1.8,47.66
2020-01-17,normal,203,14.7,490,0.0,0.0,0,0,0.0,33.62
2020-01-18,normal,202,13.7,456,0.0,0.0,0,0,8.4,36.5
2020-01-19,normal,201,12.7,423,0.2,0.0,0,0,1.5,44.96
2020-01-20,normal,205,16.7,556,0.0,0.0,0,0,0.0,30.56
2020-01-21,normal,203,14.7,490,0.0,0.0,0,0,0.0,34.16
2020-01-22,normal,206,17.7,589,0.0,0.0,0,0,0.0,37.4
2020-01-23,normal,209,20.7,689,0.4,0.0,0,0,0.0,44.78
2020-01-24,normal,195,6.7,224,0.0,0.0,0,0,0.0,49.28
2020-01-25,heavy_rain,280,91.7,3050,4.9,4622.52,1,0,25.5,49.64
2020-01-26,normal,206,17.7,589,0.1,0.0,0,0,0.0,46.22
2020-01-27,normal,210,21.7,722,0.0,0.0,0,0,0.0,45.14
2020-01-28,normal,205,16.7,556,0.0,0.0,0,0,0.0,41.9
2020-01-29,normal,199,10.7,357,0.2,0.0,0,0,0.0,39.92
2020-01-30,normal,205,16.7,556,0.0,0.0,0,0,0.0,34.52
2020-01-31,normal,200,11.7,390,0.0,0.0,0,0,1.0,43.52
2020-02-01,normal,229,40.7,1354,0.3,0.0,0,0,0.4,42.260000000000005
2020-02-02,normal,220,31.7,1055,0.0,0.0,0,0,3.2,43.16
2020-02-03,normal,227,38.7,1288,0.2,0.0,0,0,0.5,54.5
2020-02-04,normal,216,27.7,922,0.0,0.0,0,0,2.3,55.76
2020-02-05,normal,227,38.7,1288,0.0,0.0,0,0,0.8,48.38
2020-02-06,normal,212,23.7,789,0.0,0.0,0,0,16.1,43.88
2020-02-07,normal,208,19.7,656,0.0,0.0,0,0,10.2,57.38
2020-02-08,normal,217,28.7,955,0.0,0.0,0,0,0.0,40.82
2020-02-09,normal,212,23.7,789,0.0,0.0,0,0,0.0,44.06
2020-02-10,normal,217,28.7,955,0.1,0.0,0,0,9.8,48.02
2020-02-11,normal,230,41.7,1387,0.0,0.0,0,0,9.1,45.86
2020-02-12,normal,224,35.7,1188,0.1,0.0,0,0,0.3,45.14
2020-02-13,normal,216,27.7,922,0.0,0.0,0,0,19.6,43.88
2020-02-14,normal,217,28.7,955,0.0,0.0,0,0,0.0,37.4
2020-02-15,normal,215,26.7,889,0.5,0.0,0,0,0.0,29.3
2020-02-16,normal,223,34.7,1155,0.0,0.0,0,0,0.0,46.04
2020-02-17,normal,216,27.7,922,0.0,0.0,0,0,0.0,49.82
2020-02-18,normal,219,30.7,1022,0.0,0.0,0,0,1.3,48.92
2020-02-19,normal,219,30.7,1022,0.3,0.0,0,0,0.0,46.58
2020-02-20,normal,221,32.7,1088,0.4,0.0,0,0,0.0,37.94
2020-02-21,normal,220,31.7,1055,0.0,0.0,0,0,0.0,35.42
2020-02-22,normal,224,35.7,1188,0.3,0.0,0,0,0.0,48.02
2020-02-23,normal,225,36.7,1221,0.0,0.0,0,0,0.0,53.42
2020-02-24,normal,221,32.7,1088,0.0,0.0,0,0,0.0,55.22
2020-02-25,normal,219,30.7,1022,0.0,0.0,0,0,2.7,50.18
2020-02-26,normal,212,23.7,789,0.0,0.0,0,0,0.1,50.72
2020-02-27,normal,206,17.7,589,0.0,0.0,0,0,12.1,47.48
2020-02-28,normal,214,25.7,855,0.3,0.0,0,0,0.0,41.0
2020-02-29,normal,216,27.7,922,0.0,0.0,0,0,0.0,36.68
2020-03-01,normal,139,0.0,0,0.0,0.0,0,0,0.0,44.42
2020-03-02,normal,140,0.0,0,0.0,0.0,0,0,0.0,56.48
2020-03-03,normal,143,0.0,0,0.3,0.0,0,0,6.6,56.48
2020-03-04,normal,141,0.0,0,0.0,0.0,0,0,3.3,55.76
2020-03-05,normal,139,0.0,0,0.0,0.0,0,0,0.0,51.08
2020-03-06,normal,141,0.0,0,0.0,0.0,0,0,4.2,44.96
2020-03-07,normal,144,0.0,0,0.0,0.0,0,0,0.5,47.120000000000005
2020-03-08,normal,137,0.0,0,0.0,0.0,0,0,0.0,57.02
2020-03-09,normal,144,0.0,0,0.1,0.0,0,0,0.0,68.36
2020-03-10,normal,145,0.0,0,0.2,0.0,0,0,0.3,60.62
2020-03-11,normal,139,0.0,0,0.0,0.0,0,0,0.0,54.68
2020-03-12,normal,140,0.0,0,0.0,0.0,0,0,0.7,48.38
2020-03-13,normal,144,0.0,0,0.5,0.0,0,0,10.6,67.64
2020-03-14,normal,139,0.0,0,0.0,0.0,0,0,0.1,54.68
2020-03-15,normal,140,0.0,0,0.6,0.0,0,0,0.3,52.52
2020-03-16,normal,139,0.0,0,0.3,0.0,0,0,0.0,44.06
2020-03-17,normal,138,0.0,0,0.0,0.0,0,0,6.2,53.96
2020-03-18,normal,139,0.0,0,0.2,0.0,0,0,0.0,50.18
2020-03-19,normal,142,0.0,0,0.0,0.0,0,0,17.9,54.68
2020-03-20,normal,144,0.0,0,0.7,0.0,0,0,3.8,74.66
2020-03-21,normal,137,0.0,0,0.2,0.0,0,0,0.0,62.96
2020-03-22,normal,138,0.0,0,0.0,0.0,0,0,0.0,42.98
2020-03-23,heavy_rain,196,7.7,257,4.8,379.18,1,0,29.6,41.72
2020-03-24,normal,140,0.0,0,0.3,0.0,0,0,0.0,57.38
2020-03-25,normal,134,0.0,0,0.0,0.0,0,0,0.5,46.22
2020-03-26,normal,143,0.0,0,0.0,0.0,0,0,0.0,57.02
2020-03-27,normal,138,0.0,0,0.0,0.0,0,0,0.2,64.75999999999999
2020-03-28,normal,140,0.0,0,0.1,0.0,0,0,15.4,50.18
2020-03-29,normal,137,0.0,0,0.1,0.0,0,0,3.4,53.24
2020-03-30,normal,140,0.0,0,0.0,0.0,0,0,5.0,53.42
2020-03-31,normal,138,0.0,0,0.0,0.0,0,0,2.1,47.48
2020-04-01,normal,48,0.0,0,0.0,0.0,0,0,0.0,54.68
2020-04-02,normal,43,0.0,0,0.0,0.0,0,0,0.0,56.48
2020-04-03,normal,47,0.0,0,0.0,0.0,0,0,9.2,50.72
2020-04-04,normal,48,0.0,0,0.0,0.0,0,0,0.7,58.28
2020-04-05,normal,49,0.0,0,0.0,0.0,0,0,0.0,60.8
2020-04-06,normal,49,0.0,0,0.4,0.0,0,0,1.4,63.5
2020-04-07,normal,49,0.0,0,0.3,0.0,0,0,0.3,62.96
2020-04-08,normal,51,0.0,0,0.4,0.0,0,0,5.6,66.2
2020-04-09,normal,51,0.0,0,0.0,0.0,0,0,9.6,61.7
2020-04-10,normal,49,0.0,0,0.0,0.0,0,0,1.4,48.74
2020-04-11,normal,49,0.0,0,0.1,0.0,0,0,0.0,52.52
2020-04-12,normal,48,0.0,0,0.0,0.0,0,0,0.0,60.08
2020-04-13,heavy_rain,64,0.0,0,5.1,0.0,1,0,41.5,66.02
2020-04-14,normal,48,0.0,0,0.4,0.0,0,0,0.0,56.3
2020-04-15,normal,52,0.0,0,0.0,0.0,0,0,1.5,51.8
2020-04-16,normal,49,0.0,0,0.3,0.0,0,0,0.2,48.38
2020-04-17,normal,49,0.0,0,0.7,0.0,0,0,1.7,50.72
2020-04-18,normal,49,0.0,0,0.4,0.0,0,0,8.1,47.84
2020-04-19,normal,50,0.0,0,0.1,0.0,0,0,0.0,60.08
2020-04-20,normal,46,0.0,0,0.0,0.0,0,0,0.0,53.6
2020-04-21,normal,46,0.0,0,0.0,0.0,0,0,6.9,60.08
2020-04-22,normal,49,0.0,0,0.0,0.0,0,0,0.0,49.28
2020-04-23,normal,50,0.0,0,0.3,0.0,0,0,0.3,49.82
2020-04-24,normal,47,0.0,0,0.0,0.0,0,0,15.6,48.38
2020-04-25,normal,45,0.0,0,0.5,0.0,0,0,0.0,62.24
2020-04-26,normal,46,0.0,0,0.1,0.0,0,0,8.8,49.28
2020-04-27,normal,52,0.0,0,0.0,0.0,0,0,1.4,47.120000000000005
2020-04-28,normal,46,0.0,0,0.0,0.0,0,0,0.0,63.86
2020-04-29,normal,48,0.0,0,0.0,0.0,0,0,1.5,56.84
2020-04-30,normal,51,0.0,0,0.0,0.0,0,0,24.6,60.08
2020-05-01,normal,85,0.0,0,0.6,0.0,0,0,10.8,65.48
2020-05-02,normal,84,0.0,0,0.0,0.0,0,0,0.0,70.88
2020-05-03,normal,84,0.0,0,0.3,0.0,0,0,4.7,76.46
2020-05-04,normal,80,0.0,0,0.0,0.0,0,0,0.5,68.36
2020-05-05,normal,85,0.0,0,0.0,0.0,0,0,0.0,59.18
2020-05-06,normal,83,0.0,0,0.0,0.0,0,0,3.4,53.06
2020-05-07,normal,84,0.0,0,0.4,0.0,0,0,0.0,62.78
2020-05-08,normal,84,0.0,0,0.8,0.0,0,0,9.5,51.98
2020-05-09,normal,83,0.0,0,0.3,0.0,0,0,2.4,46.76
2020-05-10,normal,86,0.0,0,0.1,0.0,0,0,0.0,60.98
2020-05-11,normal,84,0.0,0,0.1,0.0,0,0,2.5,59.18
2020-05-12,normal,84,0.0,0,0.0,0.0,0,0,0.0,58.82
2020-05-13,normal,81,0.0,0,0.3,0.0,0,0,0.0,60.62
2020-05-14,normal,81,0.0,0,0.3,0.0,0,0,0.0,61.52
2020-05-15,normal,84,0.0,0,0.0,0.0,0,0,3.8,82.22
2020-05-16,normal,82,0.0,0,0.0,0.0,0,0,1.2,74.3
2020-05-17,normal,85,0.0,0,0.0,0.0,0,0,0.0,61.88
2020-05-18,normal,86,0.0,0,0.2,0.0,0,0,0.0,68.9
2020-05-19,normal,87,0.0,0,0.3,0.0,0,0,0.0,65.12
2020-05-20,normal,83,0.0,0,0.1,0.0,0,0,0.0,63.32
2020-05-21,normal,82,0.0,0,0.3,0.0,0,0,0.0,60.98
2020-05-22,normal,85,0.0,0,0.4,0.0,0,0,3.1,71.96
2020-05-23,normal,85,0.0,0,0.0,0.0,0,0,12.1,68.72
2020-05-24,normal,87,0.0,0,0.2,0.0,0,0,0.0,66.2
2020-05-25,normal,85,0.0,0,0.0,0.0,0,0,0.0,68.0
2020-05-26,normal,83,0.0,0,0.0,0.0,0,0,0.0,71.6
2020-05-27,normal,85,0.0,0,0.6,0.0,0,0,0.0,72.32
2020-05-28,normal,83,0.0,0,0.2,0.0,0,0,0.9,73.4
2020-05-29,normal,85,0.0,0,0.2,0.0,0,0,1.0,78.8
2020-05-30,normal,87,0.0,0,0.2,0.0,0,0,4.6,79.16
2020-05-31,normal,86,0.0,0,0.0,0.0,0,0,0.0,69.08
2020-06-01,normal,110,0.0,0,0.0,0.0,0,0,0.3,67.64
2020-06-02,normal,117,0.0,0,0.1,0.0,0,0,0.0,71.06
2020-06-03,normal,118,0.0,0,0.2,0.0,0,0,8.3,84.02
2020-06-04,normal,118,0.0,0,0.1,0.0,0,0,0.0,84.56
2020-06-05,normal,118,0.0,0,0.0,0.0,0,0,22.7,75.92
2020-06-06,normal,113,0.0,0,0.1,0.0,0,0,4.1,85.1
2020-06-07,normal,119,0.0,0,0.0,0.0,0,0,0.0,76.46
2020-06-08,normal,114,0.0,0,0.0,0.0,0,0,0.0,77.9
2020-06-09,normal,117,0.0,0,0.0,0.0,0,0,0.0,86.9
2020-06-10,normal,116,0.0,0,0.0,0.0,0,0,0.0,80.6
2020-06-11,normal,114,0.0,0,0.0,0.0,0,0,21.7,83.3
2020-06-12,normal,117,0.0,0,0.0,0.0,0,0,0.0,83.48
2020-06-13,normal,114,0.0,0,0.1,0.0,0,0,0.0,73.22
2020-06-14,normal,117,0.0,0,0.3,0.0,0,0,0.0,71.96
2020-06-15,normal,118,0.0,0,0.1,0.0,0,0,0.0,73.22
2020-06-16,normal,118,0.0,0,0.4,0.0,0,0,0.0,75.74000000000001
2020-06-17,normal,120,0.0,0,0.3,0.0,0,0,0.0,76.46
2020-06-18,normal,115,0.0,0,0.0,0.0,0,0,2.0,74.48
2020-06-19,normal,118,0.0,0,0.0,0.0,0,0,0.8,77.0
2020-06-20,normal,115,0.0,0,0.0,0.0,0,0,0.6,80.96
2020-06-21,normal,117,0.0,0,0.6,0.0,0,0,0.2,81.86
2020-06-22,normal,116,0.0,0,0.0,0.0,0,0,0.0,87.08000000000001
2020-06-23,normal,108,0.0,0,0.0,0.0,0,0,0.0,82.4
2020-06-24,normal,114,0.0,0,0.0,0.0,0,0,0.1,86.36
2020-06-25,normal,113,0.0,0,0.0,0.0,0,0,0.0,83.84
2020-06-26,normal,116,0.0,0,0.0,0.0,0,0,0.1,86.9
2020-06-27,normal,121,0.0,0,0.1,0.0,0,0,5.9,79.88
2020-06-28,normal,119,0.0,0,0.0,0.0,0,0,2.5,84.2
2020-06-29,normal,119,0.0,0,0.0,0.0,0,0,0.7,84.56
2020-06-30,normal,114,0.0,0,0.0,0.0,0,0,11.3,78.08
2020-07-01,normal,134,0.0,0,0.3,0.0,0,0,7.2,80.24000000000001
2020-07-02,normal,125,0.0,0,0.0,0.0,0,0,0.0,89.41999999999999
2020-07-03,normal,126,0.0,0,0.3,0.0,0,0,13.5,89.24
2020-07-04,normal,130,0.0,0,0.2,0.0,0,0,5.6,84.2
2020-07-05,extreme_heat,162,0.0,0,5.3,0.0,0,1,0.1,90.68
2020-07-06,extreme_heat,162,0.0,0,4.7,0.0,0,1,0.4,91.04
2020-07-07,normal,128,0.0,0,0.1,0.0,0,0,1.9,80.42
2020-07-08,normal,128,0.0,0,0.1,0.0,0,0,1.1,83.12
2020-07-09,normal,129,0.0,0,0.3,0.0,0,0,0.0,85.82
2020-07-10,heavy_rain,175,0.0,0,5.4,0.0,1,0,37.7,76.1
2020-07-11,normal,128,0.0,0,0.0,0.0,0,0,9.5,83.12
2020-07-12,normal,130,0.0,0,0.0,0.0,0,0,0.0,87.98
2020-07-13,normal,128,0.0,0,0.3,0.0,0,0,1.2,88.34
2020-07-14,normal,131,0.0,0,0.3,0.0,0,0,0.1,83.12
2020-07-15,normal,127,0.0,0,0.2,0.0,0,0,0.7,77.9
2020-07-16,normal,128,0.0,0,0.0,0.0,0,0,0.0,75.56
2020-07-17,normal,130,0.0,0,0.6,0.0,0,0,4.4,85.1
2020-07-18,extreme_heat,163,0.0,0,4.9,0.0,0,1,0.0,91.04
2020-07-19,extreme_heat,165,0.0,0,4.6,0.0,0,1,0.0,93.02
2020-07-20,heat_emergency,165,0.0,0,4.9,0.0,0,1,0.0,96.8
2020-07-21,normal,130,0.0,0,0.0,0.0,0,0,0.0,89.41999999999999
2020-07-22,normal,127,0.0,0,0.4,0.0,0,0,3.4,89.41999999999999
2020-07-23,normal,127,0.0,0,0.3,0.0,0,0,8.5,88.16
2020-07-24,normal,130,0.0,0,0.0,0.0,0,0,22.1,78.8
2020-07-25,normal,130,0.0,0,0.0,0.0,0,0,0.0,86.0
2020-07-26,extreme_heat,168,0.0,0,5.1,0.0,0,1,0.0,93.74
2020-07-27,heat_emergency,166,0.0,0,5.2,0.0,0,1,0.0,96.08
2020-07-28,extreme_heat,166,0.0,0,5.3,0.0,0,1,1.8,93.74
2020-07-29,normal,132,0.0,0,0.6,0.0,0,0,0.0,88.52
2020-07-30,extreme_heat,159,0.0,0,5.2,0.0,0,1,0.0,90.86
2020-07-31,normal,130,0.0,0,0.0,0.0,0,0,13.6,80.96
2020-08-01,normal,157,0.0,0,0.0,0.0,0,0,0.0,85.28
2020-08-02,normal,157,0.0,0,0.2,0.0,0,0,4.4,84.38000000000001
2020-08-03,normal,152,0.0,0,0.0,0.0,0,0,2.3,89.06
2020-08-04,normal,151,0.0,0,0.0,0.0,0,0,21.1,80.24000000000001
2020-08-05,normal,152,0.0,0,0.0,0.0,0,0,0.0,87.44
2020-08-06,normal,149,0.0,0,0.3,0.0,0,0,2.6,77.9
2020-08-07,normal,149,0.0,0,0.0,0.0,0,0,2.7,81.32
2020-08-08,normal,150,0.0,0,0.0,0.0,0,0,13.1,79.7
2020-08-09,normal,149,0.0,0,0.0,0.0,0,0,0.5,84.56
2020-08-10,normal,155,0.0,0,0.0,0.0,0,0,0.0,88.7
2020-08-11,normal,156,0.0,0,0.2,0.0,0,0,0.7,84.91999999999999
2020-08-12,normal,149,0.0,0,0.2,0.0,0,0,7.6,87.61999999999999
2020-08-13,normal,149,0.0,0,0.1,0.0,0,0,5.4,78.25999999999999
2020-08-14,normal,155,0.0,0,0.3,0.0,0,0,0.2,85.64
2020-08-15,normal,144,0.0,0,0.0,0.0,0,0,0.3,84.2
2020-08-16,normal,153,0.0,0,0.3,0.0,0,0,13.4,71.24000000000001
2020-08-17,normal,144,0.0,0,0.0,0.0,0,0,6.0,78.8
2020-08-18,normal,153,0.0,0,0.4,0.0,0,0,0.0,83.3
2020-08-19,normal,154,0.0,0,0.0,0.0,0,0,5.5,75.2
2020-08-20,normal,156,0.0,0,0.0,0.0,0,0,0.0,78.44
2020-08-21,normal,146,0.0,0,0.0,0.0,0,0,0.0,83.84
2020-08-22,normal,150,0.0,0,0.0,0.0,0,0,2.6,86.0
2020-08-23,normal,148,0.0,0,0.1,0.0,0,0,0.0,83.3
2020-08-24,normal,146,0.0,0,0.4,0.0,0,0,0.1,89.24
2020-08-25,extreme_heat,180,0.0,0,5.6,0.0,0,1,0.3,91.76
2020-08-26,normal,151,0.0,0,0.0,0.0,0,0,0.0,78.98
2020-08-27,extreme_heat,190,1.7,57,4.9,85.86,0,1,1.5,92.3
2020-08-28,normal,151,0.0,0,0.0,0.0,0,0,0.6,88.88000000000001
2020-08-29,normal,157,0.0,0,0.0,0.0,0,0,21.0,78.08
2020-08-30,normal,148,0.0,0,0.2,0.0,0,0,0.1,78.25999999999999
2020-08-31,normal,154,0.0,0,0.2,0.0,0,0,0.0,73.94
2020-09-01,normal,158,0.0,0,0.3,0.0,0,0,0.2,77.0
2020-09-02,normal,165,0.0,0,0.0,0.0,0,0,10.4,77.18
2020-09-03,normal,165,0.0,0,0.6,0.0,0,0,22.9,85.28
2020-09-04,normal,164,0.0,0,0.0,0.0,0,0,0.0,84.02
2020-09-05,normal,163,0.0,0,0.0,0.0,0,0,0.0,78.25999999999999
2020-09-06,normal,163,0.0,0,0.0,0.0,0,0,0.0,79.88
2020-09-07,normal,163,0.0,0,0.0,0.0,0,0,0.0,77.0
2020-09-08,normal,161,0.0,0,0.2,0.0,0,0,0.0,80.6
2020-09-09,normal,160,0.0,0,0.5,0.0,0,0,0.6,79.7
2020-09-10,normal,158,0.0,0,0.0,0.0,0,0,17.2,80.96
2020-09-11,normal,160,0.0,0,0.0,0.0,0,0,0.7,76.28
2020-09-12,normal,165,0.0,0,0.0,0.0,0,0,0.0,69.98
2020-09-13,normal,163,0.0,0,0.4,0.0,0,0,1.5,73.58
2020-09-14,normal,162,0.0,0,0.2,0.0,0,0,0.0,77.0
2020-09-15,normal,166,0.0,0,0.1,0.0,0,0,0.0,66.2
2020-09-16,normal,167,0.0,0,0.0,0.0,0,0,0.0,71.96
2020-09-17,normal,158,0.0,0,0.0,0.0,0,0,0.0,72.32
2020-09-18,normal,160,0.0,0,0.0,0.0,0,0,0.0,67.82
2020-09-19,normal,163,0.0,0,0.4,0.0,0,0,0.0,62.6
2020-09-20,normal,163,0.0,0,0.0,0.0,0,0,0.0,62.24
2020-09-21,normal,161,0.0,0,0.0,0.0,0,0,0.0,65.12
2020-09-22,normal,160,0.0,0,0.0,0.0,0,0,0.0,71.96
2020-09-23,normal,165,0.0,0,0.4,0.0,0,0,0.0,78.98
2020-09-24,normal,166,0.0,0,0.0,0.0,0,0,0.0,76.28
2020-09-25,normal,167,0.0,0,0.0,0.0,0,0,0.0,76.64
2020-09-26,normal,163,0.0,0,0.1,0.0,0,0,1.3,73.04
2020-09-27,normal,162,0.0,0,0.0,0.0,0,0,0.3,77.54
2020-09-28,normal,163,0.0,0,0.0,0.0,0,0,1.6,75.02
2020-09-29,normal,167,0.0,0,0.0,0.0,0,0,12.3,74.66
2020-09-30,heavy_rain,220,31.7,1055,4.9,1584.55,1,0,29.2,70.34
2020-10-01,normal,164,0.0,0,0.0,0.0,0,0,0.0,71.78
2020-10-02,normal,166,0.0,0,0.0,0.0,0,0,4.3,65.12
2020-10-03,normal,165,0.0,0,0.0,0.0,0,0,0.0,65.48
2020-10-04,normal,163,0.0,0,0.5,0.0,0,0,0.5,65.66
2020-10-05,normal,162,0.0,0,0.2,0.0,0,0,0.0,67.46
2020-10-06,normal,161,0.0,0,0.0,0.0,0,0,0.2,68.18
2020-10-07,normal,164,0.0,0,0.1,0.0,0,0,0.2,75.92
2020-10-08,normal,158,0.0,0,0.0,0.0,0,0,0.0,64.04
2020-10-09,normal,163,0.0,0,0.0,0.0,0,0,0.0,67.1
2020-10-10,normal,160,0.0,0,0.0,0.0,0,0,0.0,74.84
2020-10-11,normal,164,0.0,0,0.0,0.0,0,0,0.6,66.74000000000001
2020-10-12,normal,163,0.0,0,0.0,0.0,0,0,23.7,58.64
2020-10-13,normal,169,0.0,0,0.0,0.0,0,0,10.5,59.36
2020-10-14,normal,163,0.0,0,0.4,0.0,0,0,0.0,68.9
2020-10-15,normal,165,0.0,0,0.0,0.0,0,0,0.0,71.96
2020-10-16,normal,162,0.0,0,0.0,0.0,0,0,23.8,63.14
2020-10-17,normal,167,0.0,0,0.1,0.0,0,0,3.8,59.72
2020-10-18,normal,162,0.0,0,0.0,0.0,0,0,0.0,62.6
2020-10-19,normal,166,0.0,0,0.0,0.0,0,0,0.0,64.22
2020-10-20,normal,164,0.0,0,0.0,0.0,0,0,0.0,70.7
2020-10-21,normal,157,0.0,0,0.0,0.0,0,0,0.3,67.82
2020-10-22,normal,165,0.0,0,0.0,0.0,0,0,0.0,69.8
2020-10-23,normal,166,0.0,0,0.0,0.0,0,0,0.3,68.18
2020-10-24,normal,163,0.0,0,0.0,0.0,0,0,0.4,70.16
2020-10-25,normal,162,0.0,0,0.8,0.0,0,0,1.1,51.620000000000005
2020-10-26,normal,161,0.0,0,0.3,0.0,0,0,1.7,62.06
2020-10-27,normal,157,0.0,0,0.0,0.0,0,0,0.8,60.08
2020-10-28,normal,154,0.0,0,0.0,0.0,0,0,2.9,61.7
2020-10-29,heavy_rain,218,29.7,988,5.4,1648.93,1,0,37.6,54.68
2020-10-30,normal,162,0.0,0,0.0,0.0,0,0,18.6,47.120000000000005
2020-10-31,normal,159,0.0,0,0.5,0.0,0,0,0.0,44.96
2020-11-01,normal,163,0.0,0,0.0,0.0,0,0,7.9,57.02
2020-11-02,normal,167,0.0,0,0.0,0.0,0,0,0.5,44.06
2020-11-03,normal,167,0.0,0,0.2,0.0,0,0,0.0,54.14
2020-11-04,normal,162,0.0,0,0.0,0.0,0,0,0.0,62.06
2020-11-05,normal,164,0.0,0,0.2,0.0,0,0,0.0,66.02
2020-11-06,normal,168,0.0,0,0.0,0.0,0,0,0.0,68.72
2020-11-07,normal,173,0.0,0,0.0,0.0,0,0,0.0,71.42
2020-11-08,normal,166,0.0,0,0.5,0.0,0,0,0.0,71.06
2020-11-09,normal,162,0.0,0,0.1,0.0,0,0,0.0,70.88
2020-11-10,normal,165,0.0,0,0.0,0.0,0,0,0.0,71.24000000000001
2020-11-11,normal,165,0.0,0,0.8,0.0,0,0,14.6,71.6
2020-11-12,normal,175,0.0,0,0.2,0.0,0,0,11.0,65.3
2020-11-13,normal,166,0.0,0,0.3,0.0,0,0,3.6,52.16
2020-11-14,normal,164,0.0,0,0.9,0.0,0,0,0.0,52.52
2020-11-15,normal,165,0.0,0,0.0,0.0,0,0,6.0,63.5
2020-11-16,normal,173,0.0,0,0.2,0.0,0,0,0.1,52.52
2020-11-17,normal,167,0.0,0,0.1,0.0,0,0,1.3,47.84
2020-11-18,normal,167,0.0,0,0.3,0.0,0,0,0.0,35.96
2020-11-19,normal,168,0.0,0,0.0,0.0,0,0,0.0,45.14
2020-11-20,normal,165,0.0,0,0.8,0.0,0,0,0.0,58.82
2020-11-21,normal,175,0.0,0,0.0,0.0,0,0,0.0,60.440000000000005
2020-11-22,normal,158,0.0,0,0.0,0.0,0,0,0.1,55.04
2020-11-23,normal,165,0.0,0,0.0,0.0,0,0,15.9,57.2
2020-11-24,normal,166,0.0,0,0.0,0.0,0,0,0.0,47.3
2020-11-25,normal,172,0.0,0,0.0,0.0,0,0,0.4,53.42
2020-11-26,normal,165,0.0,0,0.1,0.0,0,0,12.7,62.96
2020-11-27,normal,168,0.0,0,0.1,0.0,0,0,0.0,60.8
2020-11-28,normal,164,0.0,0,0.0,0.0,0,0,0.0,55.58
2020-11-29,normal,166,0.0,0,0.2,0.0,0,0,0.0,51.8
2020-11-30,heavy_rain,230,41.7,1387,5.3,2260.74,1,0,35.8,61.88
2020-12-01,normal,176,0.0,0,0.0,0.0,0,0,0.9,58.64
2020-12-02,normal,167,0.0,0,0.2,0.0,0,0,0.0,44.6
2020-12-03,normal,175,0.0,0,0.1,0.0,0,0,0.1,49.82
2020-12-04,normal,174,0.0,0,0.2,0.0,0,0,3.9,52.7
2020-12-05,normal,178,0.0,0,0.2,0.0,0,0,22.4,44.6
2020-12-06,normal,171,0.0,0,0.0,0.0,0,0,0.0,39.2
2020-12-07,normal,175,0.0,0,0.2,0.0,0,0,0.0,39.74
2020-12-08,normal,169,0.0,0,0.2,0.0,0,0,0.0,38.66
2020-12-09,normal,176,0.0,0,0.0,0.0,0,0,0.5,39.56
2020-12-10,normal,167,0.0,0,0.0,0.0,0,0,0.0,48.92
2020-12-11,normal,169,0.0,0,0.0,0.0,0,0,0.0,52.16
2020-12-12,normal,174,0.0,0,0.0,0.0,0,0,0.8,54.86
2020-12-13,normal,164,0.0,0,0.1,0.0,0,0,0.1,58.64
2020-12-14,normal,171,0.0,0,0.0,0.0,0,0,6.7,40.28
2020-12-15,normal,170,0.0,0,0.0,0.0,0,0,0.0,38.84
2020-12-16,normal,169,0.0,0,0.1,0.0,0,0,12.3,33.44
2020-12-17,normal,177,0.0,0,0.3,0.0,0,0,17.9,33.08
2020-12-18,normal,166,0.0,0,0.4,0.0,0,0,0.0,28.94
2020-12-19,normal,177,0.0,0,0.0,0.0,0,0,0.0,29.12
2020-12-20,normal,172,0.0,0,0.3,0.0,0,0,0.8,37.94
2020-12-21,normal,178,0.0,0,0.0,0.0,0,0,0.0,37.94
2020-12-22,normal,174,0.0,0,0.1,0.0,0,0,0.0,42.260000000000005
2020-12-23,normal,175,0.0,0,0.0,0.0,0,0,0.0,37.94
2020-12-24,normal,172,0.0,0,0.1,0.0,0,0,4.9,58.1
2020-12-25,heavy_rain,231,42.7,1421,4.9,2164.49,1,0,35.8,58.64
2020-12-26,normal,172,0.0,0,0.2,0.0,0,0,0.0,31.82
2020-12-27,normal,179,0.0,0,0.0,0.0,0,0,0.0,37.04
2020-12-28,normal,170,0.0,0,0.0,0.0,0,0,0.0,49.28
2020-12-29,normal,176,0.0,0,0.0,0.0,0,0,0.0,38.66
2020-12-30,normal,174,0.0,0,0.0,0.0,0,0,0.0,39.2
2020-12-31,normal,172,0.0,0,0.5,0.0,0,0,9.7,47.48
2021-01-01,normal,152,0.0,0,0.6,0.0,0,0,8.1,38.84
2021-01-02,normal,146,0.0,0,0.0,0.0,0,0,4.1,50.18
2021-01-03,normal,153,0.0,0,0.2,0.0,0,0,6.5,38.84
2021-01-04,normal,152,0.0,0,0.0,0.0,0,0,1.5,44.24
2021-01-05,normal,152,0.0,0,0.0,0.0,0,0,0.0,41.18
2021-01-06,normal,155,0.0,0,0.0,0.0,0,0,0.0,40.82
2021-01-07,normal,149,0.0,0,0.1,0.0,0,0,0.0,43.16
2021-01-08,normal,152,0.0,0,0.0,0.0,0,0,0.0,41.72
2021-01-09,normal,155,0.0,0,0.7,0.0,0,0,0.0,35.78
2021-01-10,normal,150,0.0,0,0.4,0.0,0,0,0.0,41.72
2021-01-11,normal,147,0.0,0,0.0,0.0,0,0,0.0,36.14
2021-01-12,normal,152,0.0,0,0.0,0.0,0,0,0.0,42.8
2021-01-13,normal,157,0.0,0,0.2,0.0,0,0,0.0,43.34
2021-01-14,normal,149,0.0,0,0.0,0.0,0,0,0.0,48.38
2021-01-15,normal,151,0.0,0,0.0,0.0,0,0,2.6,46.22
2021-01-16,normal,153,0.0,0,0.4,0.0,0,0,21.8,46.94
2021-01-17,normal,158,0.0,0,0.4,0.0,0,0,0.0,45.68
2021-01-18,normal,149,0.0,0,0.3,0.0,0,0,0.0,44.24
2021-01-19,normal,149,0.0,0,0.1,0.0,0,0,0.0,40.82
2021-01-20,normal,154,0.0,0,0.6,0.0,0,0,1.0,40.46
2021-01-21,normal,156,0.0,0,0.3,0.0,0,0,0.0,42.08
2021-01-22,normal,155,0.0,0,0.4,0.0,0,0,0.0,44.42
2021-01-23,normal,151,0.0,0,0.3,0.0,0,0,0.0,31.82
2021-01-24,normal,150,0.0,0,0.3,0.0,0,0,0.0,32.54
2021-01-25,normal,157,0.0,0,0.2,0.0,0,0,0.0,38.66
2021-01-26,normal,158,0.0,0,0.3,0.0,0,0,4.5,34.7
2021-01-27,normal,159,0.0,0,0.2,0.0,0,0,0.6,39.92
2021-01-28,normal,157,0.0,0,0.0,0.0,0,0,0.0,32.36
2021-01-29,normal,154,0.0,0,0.5,0.0,0,0,0.0,25.16
2021-01-30,normal,146,0.0,0,0.0,0.0,0,0,0.0,33.8
2021-01-31,normal,156,0.0,0,0.0,0.0,0,0,2.6,27.14
2021-02-01,heavy_rain,268,79.7,2651,5.5,4472.61,1,0,38.6,33.44
2021-02-02,normal,195,6.7,224,0.1,0.0,0,0,4.1,34.7
2021-02-03,normal,198,9.7,323,0.0,0.0,0,0,0.1,34.7
2021-02-04,normal,197,8.7,290,0.2,0.0,0,0,0.0,38.3
2021-02-05,normal,198,9.7,323,0.1,0.0,0,0,2.2,41.18
2021-02-06,normal,196,7.7,257,0.0,0.0,0,0,0.0,39.56
2021-02-07,normal,192,3.7,124,0.2,0.0,0,0,7.7,32.36
2021-02-08,normal,198,9.7,323,0.1,0.0,0,0,0.0,26.06
2021-02-09,normal,192,3.7,124,0.4,0.0,0,0,2.0,33.8
2021-02-10,normal,195,6.7,224,0.0,0.0,0,0,0.1,32.36
2021-02-11,normal,197,8.7,290,0.3,0.0,0,0,4.5,32.72
2021-02-12,normal,197,8.7,290,0.1,0.0,0,0,0.0,27.32
2021-02-13,normal,196,7.7,257,0.0,0.0,0,0,1.3,27.32
2021-02-14,normal,198,9.7,323,0.0,0.0,0,0,0.5,36.5
2021-02-15,normal,198,9.7,323,0.0,0.0,0,0,1.3,33.08
2021-02-16,heavy_rain,267,78.7,2618,4.6,3749.8,1,0,31.3,47.48
2021-02-17,normal,197,8.7,290,0.3,0.0,0,0,0.0,30.2
2021-02-18,normal,199,10.7,357,0.0,0.0,0,0,13.2,27.86
2021-02-19,normal,195,6.7,224,0.1,0.0,0,0,5.4,31.46
2021-02-20,normal,194,5.7,190,0.6,0.0,0,0,0.0,32.18
2021-02-21,normal,203,14.7,490,0.0,0.0,0,0,0.0,33.08
2021-02-22,normal,195,6.7,224,0.2,0.0,0,0,13.9,36.68
2021-02-23,normal,196,7.7,257,0.1,0.0,0,0,0.6,42.620000000000005
2021-02-24,normal,191,2.7,91,0.0,0.0,0,0,0.0,52.16
2021-02-25,normal,194,5.7,190,0.0,0.0,0,0,0.0,46.76
2021-02-26,normal,198,9.7,323,0.0,0.0,0,0,0.0,43.34
2021-02-27,normal,191,2.7,91,0.1,0.0,0,0,11.5,53.6
2021-02-28,normal,199,10.7,357,0.0,0.0,0,0,5.2,46.4
2021-03-01,normal,178,0.0,0,0.1,0.0,0,0,7.7,48.38
2021-03-02,normal,178,0.0,0,0.4,0.0,0,0,0.0,32.54
2021-03-03,normal,179,0.0,0,0.3,0.0,0,0,0.0,51.620000000000005
2021-03-04,normal,183,0.0,0,0.0,0.0,0,0,0.0,42.620000000000005
2021-03-05,normal,183,0.0,0,0.0,0.0,0,0,0.0,36.14
2021-03-06,normal,182,0.0,0,0.3,0.0,0,0,0.0,34.88
2021-03-07,normal,174,0.0,0,0.0,0.0,0,0,0.0,40.46
2021-03-08,normal,176,0.0,0,0.2,0.0,0,0,0.0,43.16
2021-03-09,normal,180,0.0,0,0.6,0.0,0,0,0.0,61.16
2021-03-10,normal,173,0.0,0,0.3,0.0,0,0,0.0,51.08
2021-03-11,normal,181,0.0,0,0.4,0.0,0,0,0.0,68.36
2021-03-12,normal,174,0.0,0,0.5,0.0,0,0,0.1,66.2
2021-03-13,normal,178,0.0,0,0.0,0.0,0,0,0.0,49.46
2021-03-14,normal,176,0.0,0,0.0,0.0,0,0,0.0,50.72
2021-03-15,normal,182,0.0,0,0.3,0.0,0,0,0.0,37.4
2021-03-16,normal,181,0.0,0,0.0,0.0,0,0,0.1,36.86
2021-03-17,normal,182,0.0,0,0.0,0.0,0,0,0.0,46.4
2021-03-18,normal,175,0.0,0,0.0,0.0,0,0,17.7,45.86
2021-03-19,normal,184,0.0,0,0.0,0.0,0,0,3.6,42.44
2021-03-20,normal,178,0.0,0,0.0,0.0,0,0,0.0,55.04
2021-03-21,normal,169,0.0,0,0.0,0.0,0,0,0.0,59.36
2021-03-22,normal,179,0.0,0,0.3,0.0,0,0,0.0,56.120000000000005
2021-03-23,normal,175,0.0,0,0.0,0.0,0,0,0.0,61.34
2021-03-24,heavy_rain,246,57.7,1919,5.3,3161.17,1,0,29.7,56.120000000000005
2021-03-25,normal,184,0.0,0,0.3,0.0,0,0,1.8,67.46
2021-03-26,normal,175,0.0,0,0.0,0.0,0,0,1.9,78.62
2021-03-27,normal,178,0.0,0,0.4,0.0,0,0,0.0,64.04
2021-03-28,normal,174,0.0,0,0.6,0.0,0,0,16.7,66.56
2021-03-29,normal,180,0.0,0,0.0,0.0,0,0,0.0,53.24
2021-03-30,normal,178,0.0,0,0.1,0.0,0,0,0.0,55.04
2021-03-31,normal,171,0.0,0,0.0,0.0,0,0,13.4,62.6
2021-04-01,normal,161,0.0,0,0.0,0.0,0,0,6.8,52.52
2021-04-02,normal,165,0.0,0,0.0,0.0,0,0,0.0,38.84
2021-04-03,normal,163,0.0,0,0.0,0.0,0,0,0.0,51.98
2021-04-04,normal,161,0.0,0,0.1,0.0,0,0,0.0,60.8
2021-04-05,normal,170,0.0,0,0.0,0.0,0,0,0.0,64.94
2021-04-06,normal,175,0.0,0,0.0,0.0,0,0,0.0,65.3
2021-04-07,normal,164,0.0,0,0.1,0.0,0,0,1.2,68.18
2021-04-08,normal,161,0.0,0,0.2,0.0,0,0,0.0,64.4
2021-04-09,normal,160,0.0,0,0.4,0.0,0,0,0.0,54.32
2021-04-10,normal,157,0.0,0,0.0,0.0,0,0,1.3,61.88
2021-04-11,heavy_rain,223,34.7,1155,4.8,1708.1,1,0,27.7,58.64
2021-04-12,normal,169,0.0,0,0.5,0.0,0,0,12.7,48.56
2021-04-13,normal,164,0.0,0,0.1,0.0,0,0,4.7,65.48
2021-04-14,normal,164,0.0,0,0.1,0.0,0,0,0.0,68.36
2021-04-15,normal,170,0.0,0,0.0,0.0,0,0,15.0,55.58
2021-04-16,normal,160,0.0,0,0.0,0.0,0,0,1.9,54.32
2021-04-17,normal,162,0.0,0,0.3,0.0,0,0,0.3,53.96
2021-04-18,normal,159,0.0,0,0.0,0.0,0,0,0.0,60.08
2021-04-19,normal,161,0.0,0,0.0,0.0,0,0,0.0,62.78
2021-04-20,normal,157,0.0,0,0.0,0.0,0,0,0.0,71.24000000000001
2021-04-21,normal,164,0.0,0,0.3,0.0,0,0,2.2,65.3
2021-04-22,normal,167,0.0,0,0.0,0.0,0,0,0.0,46.94
2021-04-23,normal,171,0.0,0,0.0,0.0,0,0,0.0,60.440000000000005
2021-04-24,normal,157,0.0,0,0.2,0.0,0,0,0.0,68.36
2021-04-25,normal,168,0.0,0,0.0,0.0,0,0,13.0,62.42
2021-04-26,normal,166,0.0,0,0.1,0.0,0,0,0.0,57.38
2021-04-27,normal,173,0.0,0,0.1,0.0,0,0,0.6,58.64
2021-04-28,normal,159,0.0,0,0.0,0.0,0,0,0.0,80.96
2021-04-29,normal,164,0.0,0,0.0,0.0,0,0,2.9,73.4
2021-04-30,normal,162,0.0,0,0.3,0.0,0,0,0.4,67.64
2021-05-01,normal,194,5.7,190,0.2,0.0,0,0,0.0,63.68
2021-05-02,normal,197,8.7,290,0.1,0.0,0,0,0.0,79.7
2021-05-03,normal,190,1.7,57,0.0,0.0,0,0,6.2,61.52
2021-05-04,normal,201,12.7,423,0.0,0.0,0,0,10.9,72.5
2021-05-05,normal,203,14.7,490,0.1,0.0,0,0,9.2,60.08
2021-05-06,normal,195,6.7,224,0.0,0.0,0,0,0.0,63.5
2021-05-07,normal,194,5.7,190,0.4,0.0,0,0,0.0,62.06
2021-05-08,normal,197,8.7,290,0.1,0.0,0,0,2.7,53.06
2021-05-09,normal,193,4.7,157,0.0,0.0,0,0,8.3,62.6
2021-05-10,normal,191,2.7,91,0.1,0.0,0,0,2.9,59.540000000000006
2021-05-11,normal,198,9.7,323,0.1,0.0,0,0,0.3,62.6
2021-05-12,normal,187,0.0,0,0.2,0.0,0,0,0.0,64.58
2021-05-13,normal,198,9.7,323,0.1,0.0,0,0,0.0,67.1
2021-05-14,normal,193,4.7,157,0.0,0.0,0,0,0.0,71.96
2021-05-15,normal,191,2.7,91,0.0,0.0,0,0,0.0,73.22
2021-05-16,normal,195,6.7,224,0.0,0.0,0,0,0.0,71.6
2021-05-17,normal,198,9.7,323,0.0,0.0,0,0,0.0,73.58
2021-05-18,normal,195,6.7,224,0.1,0.0,0,0,0.0,80.06
2021-05-19,normal,200,11.7,390,0.0,0.0,0,0,0.0,84.02
2021-05-20,normal,193,4.7,157,0.4,0.0,0,0,0.0,71.24000000000001
2021-05-21,normal,186,0.0,0,0.0,0.0,0,0,0.0,73.75999999999999
2021-05-22,normal,198,9.7,323,0.4,0.0,0,0,0.0,87.8
2021-05-23,normal,200,11.7,390,0.1,0.0,0,0,0.0,89.24
2021-05-24,normal,200,11.7,390,0.0,0.0,0,0,0.0,66.56
2021-05-25,normal,197,8.7,290,0.0,0.0,0,0,0.0,71.24000000000001
2021-05-26,normal,196,7.7,257,0.3,0.0,0,0,1.8,85.1
2021-05-27,normal,194,5.7,190,0.1,0.0,0,0,2.6,82.4
2021-05-28,heavy_rain,267,78.7,2618,4.6,3704.19,1,0,25.5,66.38
2021-05-29,heavy_rain,271,82.7,2751,5.5,4622.48,1,0,28.1,52.34
2021-05-30,normal,191,2.7,91,0.0,0.0,0,0,14.1,53.24
2021-05-31,normal,197,8.7,290,0.2,0.0,0,0,0.8,69.25999999999999
2021-06-01,normal,256,67.7,2252,0.0,0.0,0,0,0.0,75.2
2021-06-02,normal,247,58.7,1953,0.3,0.0,0,0,0.0,71.42
2021-06-03,normal,256,67.7,2252,0.5,0.0,0,0,13.8,72.68
2021-06-04,normal,267,78.7,2618,0.4,0.0,0,0,5.1,78.08
2021-06-05,normal,254,65.7,2185,0.1,0.0,0,0,0.0,89.24
2021-06-06,normal,254,65.7,2185,0.0,0.0,0,0,0.0,88.88000000000001
2021-06-07,normal,262,73.7,2451,0.0,0.0,0,0,0.3,86.9
2021-06-08,normal,253,64.7,2152,0.3,0.0,0,0,5.8,86.72
2021-06-09,normal,265,76.7,2551,0.0,0.0,0,0,1.4,87.08000000000001
2021-06-10,normal,259,70.7,2352,0.0,0.0,0,0,0.2,80.06
2021-06-11,normal,260,71.7,2385,0.0,0.0,0,0,0.5,69.8
2021-06-12,normal,245,56.7,1886,0.0,0.0,0,0,0.4,70.7
2021-06-13,normal,262,73.7,2451,0.0,0.0,0,0,0.1,74.84
2021-06-14,normal,264,75.7,2518,0.5,0.0,0,0,17.8,70.7
2021-06-15,normal,264,75.7,2518,0.2,0.0,0,0,0.6,78.08
2021-06-16,normal,256,67.7,2252,0.2,0.0,0,0,0.0,74.3
2021-06-17,normal,263,74.7,2485,0.2,0.0,0,0,0.0,75.56
2021-06-18,normal,257,68.7,2285,0.4,0.0,0,0,0.0,81.86
2021-06-19,extreme_heat,322,133.7,4446,4.9,6679.59,0,1,2.0,90.5
2021-06-20,normal,255,66.7,2219,0.1,0.0,0,0,0.3,84.91999999999999
2021-06-21,normal,258,69.7,2318,0.1,0.0,0,0,0.5,82.4
2021-06-22,normal,264,75.7,2518,0.0,0.0,0,0,8.8,76.46
2021-06-23,normal,255,66.7,2219,0.0,0.0,0,0,0.0,74.12
2021-06-24,normal,254,65.7,2185,0.0,0.0,0,0,0.0,73.4
2021-06-25,normal,241,52.7,1753,0.3,0.0,0,0,0.0,75.92
2021-06-26,normal,247,58.7,1953,0.1,0.0,0,0,1.8,79.7
2021-06-27,normal,257,68.7,2285,0.0,0.0,0,0,0.5,85.1
2021-06-28,extreme_heat,326,137.7,4579,5.2,7401.2,0,1,0.0,91.04
2021-06-29,extreme_heat,326,137.7,4579,5.1,7217.04,0,1,0.0,92.66
2021-06-30,heat_emergency,326,137.7,4579,5.0,7063.57,0,1,0.0,96.08
2021-07-01,normal,241,52.7,1753,0.0,0.0,0,0,22.9,83.84
2021-07-02,heavy_rain,337,148.7,4945,5.3,8065.27,1,0,28.0,76.28
2021-07-03,normal,246,57.7,1919,0.4,0.0,0,0,16.7,67.46
2021-07-04,normal,246,57.7,1919,0.4,0.0,0,0,1.7,77.36
2021-07-05,normal,242,53.7,1786,0.7,0.0,0,0,0.2,79.7
2021-07-06,extreme_heat,323,134.7,4480,4.9,6807.61,0,1,0.6,92.3
2021-07-07,normal,238,49.7,1653,0.0,0.0,0,0,1.0,89.6
2021-07-08,normal,242,53.7,1786,0.0,0.0,0,0,12.2,82.58
2021-07-09,heavy_rain,341,152.7,5078,5.0,7826.09,1,0,37.2,86.36
2021-07-10,normal,254,65.7,2185,0.0,0.0,0,0,1.0,78.8
2021-07-11,normal,243,54.7,1820,0.0,0.0,0,0,2.5,76.82
2021-07-12,normal,241,52.7,1753,0.3,0.0,0,0,16.2,83.48
2021-07-13,normal,247,58.7,1953,0.4,0.0,0,0,1.8,78.8
2021-07-14,normal,241,52.7,1753,0.3,0.0,0,0,1.3,87.44
2021-07-15,normal,247,58.7,1953,0.5,0.0,0,0,0.1,85.1
2021-07-16,extreme_heat,312,123.7,4114,4.8,6141.48,0,1,0.4,90.68
2021-07-17,normal,258,69.7,2318,0.0,0.0,0,0,8.7,87.61999999999999
2021-07-18,normal,239,50.7,1687,0.0,0.0,0,0,15.0,83.48
2021-07-19,normal,248,59.7,1986,0.3,0.0,0,0,0.2,82.22
2021-07-20,normal,255,66.7,2219,0.4,0.0,0,0,0.0,88.16
2021-07-21,normal,239,50.7,1687,0.0,0.0,0,0,5.3,82.75999999999999
2021-07-22,normal,248,59.7,1986,0.2,0.0,0,0,0.0,80.6
2021-07-23,normal,241,52.7,1753,0.3,0.0,0,0,0.0,79.7
2021-07-24,normal,247,58.7,1953,0.1,0.0,0,0,0.0,80.6
2021-07-25,normal,246,57.7,1919,0.0,0.0,0,0,7.9,84.02
2021-07-26,normal,243,54.7,1820,0.0,0.0,0,0,0.0,89.6
2021-07-27,normal,251,62.7,2086,0.1,0.0,0,0,0.1,87.44
2021-07-28,normal,245,56.7,1886,0.5,0.0,0,0,1.1,80.78
2021-07-29,heavy_rain,338,149.7,4978,5.1,7892.59,1,0,32.2,78.08
2021-07-30,normal,243,54.7,1820,0.2,0.0,0,0,0.0,82.58
2021-07-31,normal,239,50.7,1687,0.6,0.0,0,0,0.0,78.8
2021-08-01,normal,204,15.7,523,0.0,0.0,0,0,0.7,75.92
2021-08-02,normal,206,17.7,589,0.0,0.0,0,0,0.0,80.24000000000001
2021-08-03,normal,209,20.7,689,0.0,0.0,0,0,0.0,75.92
2021-08-04,normal,197,8.7,290,0.0,0.0,0,0,0.8,76.28
2021-08-05,normal,202,13.7,456,0.0,0.0,0,0,0.1,80.96
2021-08-06,normal,205,16.7,556,0.1,0.0,0,0,0.0,84.02
2021-08-07,normal,203,14.7,490,0.6,0.0,0,0,0.0,85.82
2021-08-08,normal,207,18.7,623,0.0,0.0,0,0,13.2,73.22
2021-08-09,normal,204,15.7,523,0.1,0.0,0,0,0.7,79.7
2021-08-10,normal,204,15.7,523,0.0,0.0,0,0,5.9,81.32
2021-08-11,normal,202,13.7,456,0.1,0.0,0,0,3.4,89.6
2021-08-12,heat_emergency,248,59.7,1986,5.2,3204.14,0,1,0.0,95.54
2021-08-13,extreme_heat,256,67.7,2252,5.3,3654.48,0,1,0.0,91.76
2021-08-14,normal,210,21.7,722,0.4,0.0,0,0,5.2,88.88000000000001
2021-08-15,normal,210,21.7,722,0.6,0.0,0,0,0.0,82.22
2021-08-16,normal,205,16.7,556,0.0,0.0,0,0,0.0,80.24000000000001
2021-08-17,normal,197,8.7,290,0.5,0.0,0,0,2.3,79.52
2021-08-18,normal,210,21.7,722,0.0,0.0,0,0,1.9,80.78
2021-08-19,normal,205,16.7,556,0.0,0.0,0,0,8.3,86.9
2021-08-20,normal,203,14.7,490,0.3,0.0,0,0,1.8,80.42
2021-08-21,normal,209,20.7,689,0.0,0.0,0,0,1.2,80.96
2021-08-22,extreme_rain,349,160.7,5344,5.2,8615.74,1,0,67.3,74.84
2021-08-23,heavy_rain,272,83.7,2784,5.1,4346.23,1,0,35.1,83.84
2021-08-24,normal,204,15.7,523,0.5,0.0,0,0,0.0,87.8
2021-08-25,normal,202,13.7,456,0.0,0.0,0,0,0.0,88.7
2021-08-26,normal,197,8.7,290,0.4,0.0,0,0,0.1,89.6
2021-08-27,extreme_heat,255,66.7,2219,4.7,3246.6,0,1,1.6,90.5
2021-08-28,normal,199,10.7,357,0.0,0.0,0,0,3.3,78.98
2021-08-29,normal,208,19.7,656,0.3,0.0,0,0,2.0,76.28
2021-08-30,normal,195,6.7,224,0.1,0.0,0,0,5.2,84.02
2021-08-31,normal,206,17.7,589,0.0,0.0,0,0,0.0,84.2
2021-09-01,extreme_rain,288,99.7,3316,4.9,4963.47,1,0,111.5,74.12
2021-09-02,normal,159,0.0,0,0.0,0.0,0,0,22.4,76.28
2021-09-03,normal,157,0.0,0,0.0,0.0,0,0,0.0,71.78
2021-09-04,normal,159,0.0,0,0.0,0.0,0,0,0.0,77.18
2021-09-05,normal,159,0.0,0,0.1,0.0,0,0,1.2,76.46
2021-09-06,normal,164,0.0,0,0.0,0.0,0,0,0.0,80.96
2021-09-07,normal,161,0.0,0,0.0,0.0,0,0,0.0,79.16
2021-09-08,normal,160,0.0,0,0.0,0.0,0,0,0.6,80.06
2021-09-09,normal,154,0.0,0,0.0,0.0,0,0,19.4,73.4
2021-09-10,normal,159,0.0,0,0.2,0.0,0,0,0.0,73.58
2021-09-11,normal,160,0.0,0,0.8,0.0,0,0,0.0,77.0
2021-09-12,normal,158,0.0,0,0.0,0.0,0,0,0.0,84.38000000000001
2021-09-13,normal,157,0.0,0,0.2,0.0,0,0,1.6,84.56
2021-09-14,normal,159,0.0,0,0.1,0.0,0,0,0.1,78.62
2021-09-15,normal,158,0.0,0,0.0,0.0,0,0,0.8,86.18
2021-09-16,normal,162,0.0,0,0.0,0.0,0,0,4.0,75.56
2021-09-17,normal,159,0.0,0,0.2,0.0,0,0,1.6,75.02
2021-09-18,normal,155,0.0,0,0.3,0.0,0,0,0.4,81.5
2021-09-19,normal,165,0.0,0,0.0,0.0,0,0,0.0,74.84
2021-09-20,normal,159,0.0,0,0.2,0.0,0,0,0.3,73.22
2021-09-21,normal,153,0.0,0,0.0,0.0,0,0,0.1,73.75999999999999
2021-09-22,normal,159,0.0,0,0.2,0.0,0,0,4.9,77.36
2021-09-23,normal,161,0.0,0,0.0,0.0,0,0,18.4,79.16
2021-09-24,heavy_rain,217,28.7,955,5.1,1491.03,1,0,26.2,72.5
2021-09-25,normal,165,0.0,0,0.2,0.0,0,0,0.0,73.22
2021-09-26,normal,161,0.0,0,0.4,0.0,0,0,0.0,70.88
2021-09-27,normal,164,0.0,0,0.0,0.0,0,0,0.0,78.98
2021-09-28,normal,157,0.0,0,0.2,0.0,0,0,15.3,72.68
2021-09-29,normal,156,0.0,0,0.0,0.0,0,0,0.1,68.72
2021-09-30,normal,166,0.0,0,0.0,0.0,0,0,0.0,66.56
2021-10-01,normal,181,0.0,0,0.0,0.0,0,0,0.0,67.28
2021-10-02,normal,175,0.0,0,0.1,0.0,0,0,0.0,75.2
2021-10-03,normal,177,0.0,0,0.5,0.0,0,0,0.0,78.98
2021-10-04,normal,178,0.0,0,0.1,0.0,0,0,22.8,70.52
2021-10-05,normal,172,0.0,0,0.0,0.0,0,0,0.0,68.18
2021-10-06,normal,173,0.0,0,0.0,0.0,0,0,0.0,69.08
2021-10-07,normal,174,0.0,0,0.1,0.0,0,0,0.4,72.68
2021-10-08,normal,175,0.0,0,0.1,0.0,0,0,0.0,75.38
2021-10-09,normal,170,0.0,0,0.0,0.0,0,0,0.4,68.9
2021-10-10,normal,173,0.0,0,0.3,0.0,0,0,2.8,66.2
2021-10-11,normal,171,0.0,0,0.1,0.0,0,0,0.0,71.06
2021-10-12,normal,170,0.0,0,0.0,0.0,0,0,0.0,71.06
2021-10-13,normal,169,0.0,0,0.3,0.0,0,0,0.1,71.42
2021-10-14,normal,180,0.0,0,0.0,0.0,0,0,0.0,77.36
2021-10-15,normal,174,0.0,0,0.0,0.0,0,0,0.0,77.36
2021-10-16,normal,183,0.0,0,0.5,0.0,0,0,17.8,76.64
2021-10-17,normal,176,0.0,0,0.0,0.0,0,0,0.2,63.68
2021-10-18,normal,177,0.0,0,0.0,0.0,0,0,0.0,60.98
2021-10-19,normal,176,0.0,0,0.2,0.0,0,0,0.0,66.74000000000001
2021-10-20,normal,182,0.0,0,0.1,0.0,0,0,0.0,76.1
2021-10-21,normal,172,0.0,0,0.2,0.0,0,0,0.0,73.75999999999999
2021-10-22,normal,178,0.0,0,0.1,0.0,0,0,0.0,68.9
2021-10-23,normal,182,0.0,0,0.0,0.0,0,0,0.4,61.52
2021-10-24,normal,172,0.0,0,0.0,0.0,0,0,0.7,60.26
2021-10-25,normal,178,0.0,0,0.0,0.0,0,0,10.9,74.12
2021-10-26,extreme_rain,325,136.7,4546,4.7,6652.71,1,0,78.8,62.96
2021-10-27,normal,173,0.0,0,0.1,0.0,0,0,6.8,61.52
2021-10-28,normal,172,0.0,0,0.2,0.0,0,0,0.0,59.540000000000006
2021-10-29,normal,179,0.0,0,0.1,0.0,0,0,9.3,57.92
2021-10-30,normal,181,0.0,0,0.0,0.0,0,0,6.7,64.4
2021-10-31,normal,172,0.0,0,0.6,0.0,0,0,5.9,65.3
2021-11-01,normal,188,0.0,0,1.1,0.0,0,0,0.0,58.64
2021-11-02,normal,181,0.0,0,0.1,0.0,0,0,0.7,52.88
2021-11-03,normal,173,0.0,0,0.3,0.0,0,0,0.1,51.98
2021-11-04,normal,173,0.0,0,0.0,0.0,0,0,0.0,50.0
2021-11-05,normal,181,0.0,0,0.1,0.0,0,0,0.0,51.620000000000005
2021-11-06,normal,185,0.0,0,0.0,0.0,0,0,0.0,51.26
2021-11-07,normal,185,0.0,0,0.0,0.0,0,0,0.0,53.78
2021-11-08,normal,185,0.0,0,0.0,0.0,0,0,0.0,62.24
2021-11-09,normal,188,0.0,0,0.5,0.0,0,0,0.0,67.46
2021-11-10,normal,177,0.0,0,0.0,0.0,0,0,0.4,63.5
2021-11-11,normal,177,0.0,0,0.3,0.0,0,0,0.4,59.36
2021-11-12,normal,179,0.0,0,0.0,0.0,0,0,16.1,65.66
2021-11-13,normal,178,0.0,0,0.5,0.0,0,0,3.8,61.34
2021-11-14,normal,178,0.0,0,0.0,0.0,0,0,0.7,47.48
2021-11-15,normal,177,0.0,0,0.2,0.0,0,0,1.1,48.02
2021-11-16,normal,181,0.0,0,0.5,0.0,0,0,0.0,49.64
2021-11-17,normal,185,0.0,0,0.0,0.0,0,0,0.0,54.5
2021-11-18,normal,176,0.0,0,0.3,0.0,0,0,2.6,66.38
2021-11-19,normal,180,0.0,0,0.3,0.0,0,0,3.0,49.82
2021-11-20,normal,183,0.0,0,0.1,0.0,0,0,0.0,44.42
2021-11-21,normal,176,0.0,0,0.0,0.0,0,0,0.7,53.78
2021-11-22,normal,172,0.0,0,0.0,0.0,0,0,1.4,52.7
2021-11-23,normal,179,0.0,0,0.1,0.0,0,0,0.5,42.260000000000005
2021-11-24,normal,180,0.0,0,0.0,0.0,0,0,0.0,44.96
2021-11-25,normal,184,0.0,0,0.0,0.0,0,0,0.0,52.7
2021-11-26,normal,175,0.0,0,0.1,0.0,0,0,8.4,45.86
2021-11-27,normal,181,0.0,0,0.0,0.0,0,0,0.0,40.64
2021-11-28,normal,182,0.0,0,0.0,0.0,0,0,2.0,40.46
2021-11-29,normal,185,0.0,0,0.3,0.0,0,0,0.3,42.98
2021-11-30,normal,179,0.0,0,0.0,0.0,0,0,0.2,40.82
2021-12-01,normal,200,11.7,390,0.0,0.0,0,0,0.1,47.84
2021-12-02,normal,205,16.7,556,0.0,0.0,0,0,2.1,56.84
2021-12-03,normal,202,13.7,456,0.0,0.0,0,0,0.0,49.28
2021-12-04,normal,205,16.7,556,0.4,0.0,0,0,0.0,47.48
2021-12-05,normal,198,9.7,323,0.2,0.0,0,0,0.0,46.04
2021-12-06,normal,207,18.7,623,0.3,0.0,0,0,5.5,61.7
2021-12-07,normal,210,21.7,722,0.2,0.0,0,0,0.1,48.02
2021-12-08,normal,203,14.7,490,0.0,0.0,0,0,0.5,40.82
2021-12-09,normal,199,10.7,357,0.0,0.0,0,0,0.0,38.84
2021-12-10,normal,199,10.7,357,0.0,0.0,0,0,0.0,47.66
2021-12-11,normal,200,11.7,390,0.0,0.0,0,0,6.0,63.68
2021-12-12,normal,200,11.7,390,0.1,0.0,0,0,0.9,55.22
2021-12-13,normal,205,16.7,556,0.1,0.0,0,0,0.0,50.9
2021-12-14,normal,202,13.7,456,0.6,0.0,0,0,0.0,51.08
2021-12-15,normal,197,8.7,290,0.0,0.0,0,0,1.0,50.9
2021-12-16,normal,206,17.7,589,0.2,0.0,0,0,0.0,58.64
2021-12-17,normal,199,10.7,357,0.0,0.0,0,0,0.0,57.92
2021-12-18,normal,200,11.7,390,0.0,0.0,0,0,3.7,44.6
2021-12-19,normal,194,5.7,190,0.0,0.0,0,0,0.4,45.32
2021-12-20,normal,206,17.7,589,0.3,0.0,0,0,0.0,35.6
2021-12-21,normal,202,13.7,456,0.2,0.0,0,0,0.1,42.44
2021-12-22,normal,206,17.7,589,0.3,0.0,0,0,4.1,46.94
2021-12-23,normal,203,14.7,490,0.0,0.0,0,0,0.0,36.5
2021-12-24,normal,201,12.7,423,0.0,0.0,0,0,2.0,42.620000000000005
2021-12-25,normal,205,16.7,556,0.0,0.0,0,0,4.7,48.56
2021-12-26,normal,204,15.7,523,0.3,0.0,0,0,0.2,48.02
2021-12-27,normal,203,14.7,490,0.0,0.0,0,0,1.7,37.04
2021-12-28,normal,193,4.7,157,0.0,0.0,0,0,0.4,47.48
2021-12-29,normal,197,8.7,290,0.4,0.0,0,0,10.6,46.22
2021-12-30,normal,199,10.7,357,0.6,0.0,0,0,3.1,47.84
2021-12-31,normal,206,17.7,589,0.0,0.0,0,0,1.2,52.52
2022-01-01,normal,183,0.0,0,0.3,0.0,0,0,17.4,53.24
2022-01-02,normal,178,0.0,0,0.1,0.0,0,0,17.9,57.02
2022-01-03,normal,188,0.0,0,0.0,0.0,0,0,1.9,35.96
2022-01-04,normal,187,0.0,0,0.6,0.0,0,0,0.0,33.62
2022-01-05,normal,183,0.0,0,0.1,0.0,0,0,0.3,44.96
2022-01-06,normal,189,0.7,24,0.0,0.0,0,0,0.0,39.74
2022-01-07,normal,186,0.0,0,0.0,0.0,0,0,9.0,31.82
2022-01-08,normal,186,0.0,0,0.2,0.0,0,0,0.0,27.86
2022-01-09,normal,190,1.7,57,0.2,0.0,0,0,5.0,39.56
2022-01-10,normal,179,0.0,0,0.1,0.0,0,0,0.0,39.74
2022-01-11,normal,184,0.0,0,0.1,0.0,0,0,0.0,24.8
2022-01-12,normal,193,4.7,157,0.0,0.0,0,0,0.0,40.64
2022-01-13,normal,185,0.0,0,0.3,0.0,0,0,0.0,44.96
2022-01-14,normal,189,0.7,24,0.0,0.0,0,0,0.0,41.54
2022-01-15,normal,190,1.7,57,0.0,0.0,0,0,0.0,23.0
2022-01-16,normal,188,0.0,0,0.3,0.0,0,0,4.6,35.96
2022-01-17,heavy_rain,261,72.7,2418,4.9,3648.77,1,0,35.8,48.92
2022-01-18,normal,183,0.0,0,0.2,0.0,0,0,0.0,35.96
2022-01-19,normal,190,1.7,57,0.0,0.0,0,0,0.0,46.04
2022-01-20,normal,188,0.0,0,0.0,0.0,0,0,7.1,41.9
2022-01-21,normal,181,0.0,0,0.0,0.0,0,0,0.0,23.18
2022-01-22,normal,181,0.0,0,0.0,0.0,0,0,0.0,29.84
2022-01-23,normal,185,0.0,0,0.1,0.0,0,0,0.3,37.4
2022-01-24,normal,194,5.7,190,0.2,0.0,0,0,0.2,32.9
2022-01-25,normal,180,0.0,0,0.0,0.0,0,0,0.0,44.06
2022-01-26,normal,189,0.7,24,0.0,0.0,0,0,0.0,26.96
2022-01-27,normal,184,0.0,0,0.0,0.0,0,0,0.0,32.18
2022-01-28,normal,182,0.0,0,0.0,0.0,0,0,2.5,33.62
2022-01-29,normal,192,3.7,124,0.2,0.0,0,0,18.6,29.12
2022-01-30,normal,192,3.7,124,0.0,0.0,0,0,0.0,21.38
2022-01-31,normal,189,0.7,24,0.0,0.0,0,0,0.0,26.24
2022-02-01,normal,209,20.7,689,0.0,0.0,0,0,0.0,29.48
2022-02-02,normal,224,35.7,1188,0.0,0.0,0,0,0.0,38.84
2022-02-03,normal,203,14.7,490,0.0,0.0,0,0,12.5,49.28
2022-02-04,normal,209,20.7,689,0.1,0.0,0,0,24.0,53.42
2022-02-05,normal,210,21.7,722,0.1,0.0,0,0,0.4,29.3
2022-02-06,normal,205,16.7,556,0.0,0.0,0,0,0.0,29.84
2022-02-07,normal,213,24.7,822,0.0,0.0,0,0,4.6,37.04
2022-02-08,normal,204,15.7,523,0.0,0.0,0,0,4.3,46.76
2022-02-09,normal,212,23.7,789,0.1,0.0,0,0,0.0,41.0
2022-02-10,normal,208,19.7,656,0.0,0.0,0,0,0.1,52.34
2022-02-11,normal,199,10.7,357,0.2,0.0,0,0,0.0,54.32
2022-02-12,normal,205,16.7,556,0.0,0.0,0,0,0.0,56.48
2022-02-13,normal,208,19.7,656,0.0,0.0,0,0,5.7,41.36
2022-02-14,normal,208,19.7,656,0.1,0.0,0,0,0.0,26.42
2022-02-15,normal,204,15.7,523,0.0,0.0,0,0,0.0,31.82
2022-02-16,normal,208,19.7,656,0.0,0.0,0,0,0.0,43.52
2022-02-17,normal,213,24.7,822,0.4,0.0,0,0,1.9,62.96
2022-02-18,normal,201,12.7,423,0.2,0.0,0,0,12.9,60.08
2022-02-19,normal,211,22.7,756,0.0,0.0,0,0,0.4,38.84
2022-02-20,normal,214,25.7,855,0.5,0.0,0,0,0.0,37.22
2022-02-21,normal,211,22.7,756,0.0,0.0,0,0,0.0,50.18
2022-02-22,normal,211,22.7,756,0.0,0.0,0,0,5.1,58.28
2022-02-23,normal,198,9.7,323,0.7,0.0,0,0,0.1,66.56
2022-02-24,normal,218,29.7,988,0.0,0.0,0,0,0.0,36.5
2022-02-25,normal,204,15.7,523,0.2,0.0,0,0,20.0,44.42
2022-02-26,normal,207,18.7,623,0.0,0.0,0,0,0.0,37.76
2022-02-27,normal,218,29.7,988,0.0,0.0,0,0,0.0,46.94
2022-02-28,normal,213,24.7,822,0.4,0.0,0,0,0.0,35.24
2022-03-01,normal,205,16.7,556,0.4,0.0,0,0,0.2,43.16
2022-03-02,normal,205,16.7,556,0.0,0.0,0,0,0.0,51.44
2022-03-03,normal,205,16.7,556,0.0,0.0,0,0,3.5,42.260000000000005
2022-03-04,normal,209,20.7,689,0.0,0.0,0,0,0.0,38.3
2022-03-05,normal,215,26.7,889,0.0,0.0,0,0,0.1,42.08
2022-03-06,normal,202,13.7,456,0.2,0.0,0,0,2.0,67.46
2022-03-07,normal,213,24.7,822,0.0,0.0,0,0,3.6,73.75999999999999
2022-03-08,normal,210,21.7,722,0.4,0.0,0,0,0.0,56.120000000000005
2022-03-09,normal,213,24.7,822,0.0,0.0,0,0,15.4,39.2
2022-03-10,normal,212,23.7,789,0.4,0.0,0,0,0.0,48.02
2022-03-11,normal,213,24.7,822,0.0,0.0,0,0,0.0,51.44
2022-03-12,normal,213,24.7,822,0.0,0.0,0,0,15.4,44.24
2022-03-13,normal,218,29.7,988,0.4,0.0,0,0,0.2,37.58
2022-03-14,normal,218,29.7,988,0.4,0.0,0,0,0.0,56.3
2022-03-15,normal,212,23.7,789,0.3,0.0,0,0,0.0,60.62
2022-03-16,normal,209,20.7,689,0.0,0.0,0,0,0.1,61.88
2022-03-17,normal,207,18.7,623,0.1,0.0,0,0,6.6,53.96
2022-03-18,normal,212,23.7,789,0.0,0.0,0,0,0.0,69.8
2022-03-19,normal,210,21.7,722,0.2,0.0,0,0,3.3,64.22
2022-03-20,normal,211,22.7,756,0.0,0.0,0,0,0.1,59.36
2022-03-21,normal,208,19.7,656,0.6,0.0,0,0,0.0,60.62
2022-03-22,normal,219,30.7,1022,0.1,0.0,0,0,0.0,55.94
2022-03-23,normal,211,22.7,756,0.2,0.0,0,0,3.0,46.58
2022-03-24,normal,207,18.7,623,0.1,0.0,0,0,23.1,49.82
2022-03-25,normal,209,20.7,689,0.0,0.0,0,0,6.1,60.98
2022-03-26,normal,215,26.7,889,0.1,0.0,0,0,5.8,50.72
2022-03-27,normal,207,18.7,623,0.1,0.0,0,0,0.3,46.22
2022-03-28,normal,215,26.7,889,0.2,0.0,0,0,0.1,32.72
2022-03-29,normal,211,22.7,756,0.4,0.0,0,0,0.0,38.3
2022-03-30,normal,217,28.7,955,0.0,0.0,0,0,0.0,42.620000000000005
2022-03-31,normal,210,21.7,722,0.4,0.0,0,0,5.0,66.38
2022-04-01,normal,197,8.7,290,0.1,0.0,0,0,1.9,59.72
2022-04-02,normal,196,7.7,257,0.0,0.0,0,0,0.0,52.52
2022-04-03,normal,195,6.7,224,0.1,0.0,0,0,3.5,47.84
2022-04-04,normal,197,8.7,290,0.0,0.0,0,0,0.1,54.5
2022-04-05,normal,195,6.7,224,0.0,0.0,0,0,1.9,54.14
2022-04-06,normal,193,4.7,157,0.0,0.0,0,0,19.9,55.22
2022-04-07,extreme_rain,357,168.7,5610,4.9,8533.18,1,0,58.2,52.52
2022-04-08,normal,196,7.7,257,0.4,0.0,0,0,13.8,62.42
2022-04-09,normal,198,9.7,323,0.0,0.0,0,0,5.6,57.38
2022-04-10,normal,197,8.7,290,0.0,0.0,0,0,0.0,50.18
2022-04-11,normal,196,7.7,257,0.2,0.0,0,0,0.0,55.22
2022-04-12,normal,204,15.7,523,0.0,0.0,0,0,1.6,69.62
2022-04-13,normal,197,8.7,290,0.4,0.0,0,0,0.0,65.3
2022-04-14,normal,200,11.7,390,0.0,0.0,0,0,0.1,83.84
2022-04-15,normal,195,6.7,224,0.0,0.0,0,0,0.1,67.82
2022-04-16,normal,196,7.7,257,0.0,0.0,0,0,4.1,68.0
2022-04-17,normal,197,8.7,290,0.3,0.0,0,0,0.6,50.72
2022-04-18,normal,188,0.0,0,0.0,0.0,0,0,7.0,50.54
2022-04-19,heavy_rain,268,79.7,2651,4.4,3623.31,1,0,27.6,52.52
2022-04-20,normal,191,2.7,91,0.0,0.0,0,0,0.0,57.38
2022-04-21,normal,198,9.7,323,0.0,0.0,0,0,0.3,55.58
2022-04-22,normal,199,10.7,357,0.2,0.0,0,0,0.0,65.3
2022-04-23,normal,197,8.7,290,0.0,0.0,0,0,0.0,58.64
2022-04-24,normal,196,7.7,257,0.0,0.0,0,0,0.0,60.440000000000005
2022-04-25,normal,199,10.7,357,0.0,0.0,0,0,0.0,58.28
2022-04-26,normal,188,0.0,0,0.0,0.0,0,0,4.1,61.7
2022-04-27,normal,196,7.7,257,0.7,0.0,0,0,0.8,56.120000000000005
2022-04-28,normal,188,0.0,0,0.3,0.0,0,0,0.0,54.68
2022-04-29,normal,193,4.7,157,0.4,0.0,0,0,0.0,59.9
2022-04-30,normal,202,13.7,456,0.0,0.0,0,0,0.0,64.22
2022-05-01,normal,193,4.7,157,0.3,0.0,0,0,1.0,65.84
2022-05-02,normal,192,3.7,124,0.0,0.0,0,0,2.8,59.18
2022-05-03,normal,200,11.7,390,0.0,0.0,0,0,0.0,65.3
2022-05-04,normal,208,19.7,656,0.0,0.0,0,0,5.3,69.25999999999999
2022-05-05,normal,201,12.7,423,0.0,0.0,0,0,0.0,71.6
2022-05-06,normal,201,12.7,423,0.3,0.0,0,0,21.7,57.56
2022-05-07,heavy_rain,277,88.7,2950,5.0,4518.79,1,0,28.6,51.08
2022-05-08,normal,198,9.7,323,0.0,0.0,0,0,2.4,55.4
2022-05-09,normal,201,12.7,423,0.0,0.0,0,0,0.0,66.02
2022-05-10,normal,200,11.7,390,0.2,0.0,0,0,0.0,68.18
2022-05-11,normal,199,10.7,357,0.0,0.0,0,0,0.0,70.34
2022-05-12,normal,200,11.7,390,0.0,0.0,0,0,0.0,69.98
2022-05-13,normal,199,10.7,357,0.0,0.0,0,0,1.8,70.7
2022-05-14,normal,199,10.7,357,0.0,0.0,0,0,7.0,69.44
2022-05-15,normal,195,6.7,224,0.4,0.0,0,0,1.0,76.82
2022-05-16,normal,201,12.7,423,0.2,0.0,0,0,6.9,73.94
2022-05-17,normal,204,15.7,523,0.3,0.0,0,0,0.0,73.94
2022-05-18,normal,201,12.7,423,0.2,0.0,0,0,0.0,70.7
2022-05-19,normal,197,8.7,290,0.0,0.0,0,0,14.1,71.6
2022-05-20,normal,210,21.7,722,0.1,0.0,0,0,5.8,70.7
2022-05-21,extreme_heat,249,60.7,2019,5.3,3303.81,0,1,0.0,89.96000000000001
2022-05-22,normal,214,25.7,855,0.0,0.0,0,0,1.1,87.44
2022-05-23,normal,205,16.7,556,0.0,0.0,0,0,0.0,72.68
2022-05-24,normal,195,6.7,224,0.4,0.0,0,0,0.1,66.92
2022-05-25,normal,204,15.7,523,0.0,0.0,0,0,0.0,66.56
2022-05-26,normal,193,4.7,157,0.3,0.0,0,0,0.0,67.64
2022-05-27,normal,204,15.7,523,0.0,0.0,0,0,12.3,75.02
2022-05-28,normal,201,12.7,423,0.4,0.0,0,0,6.8,73.75999999999999
2022-05-29,normal,213,24.7,822,0.2,0.0,0,0,0.0,76.46
2022-05-30,normal,200,11.7,390,0.0,0.0,0,0,0.0,84.56
2022-05-31,extreme_heat,254,65.7,2185,4.5,3060.26,0,1,0.0,92.84
2022-06-01,normal,212,23.7,789,0.0,0.0,0,0,8.8,71.06
2022-06-02,normal,207,18.7,623,0.2,0.0,0,0,7.5,80.6
2022-06-03,normal,209,20.7,689,0.0,0.0,0,0,2.2,76.1
2022-06-04,normal,201,12.7,423,0.0,0.0,0,0,0.0,79.7
2022-06-05,normal,218,29.7,988,0.0,0.0,0,0,0.0,75.2
2022-06-06,normal,207,18.7,623,0.3,0.0,0,0,0.0,78.98
2022-06-07,normal,202,13.7,456,0.0,0.0,0,0,0.9,76.46
2022-06-08,normal,207,18.7,623,0.0,0.0,0,0,0.4,85.1
2022-06-09,normal,204,15.7,523,0.1,0.0,0,0,9.4,82.94
2022-06-10,normal,204,15.7,523,0.1,0.0,0,0,0.0,79.34
2022-06-11,normal,205,16.7,556,0.2,0.0,0,0,0.8,75.92
2022-06-12,normal,204,15.7,523,0.7,0.0,0,0,8.3,73.22
2022-06-13,normal,202,13.7,456,0.3,0.0,0,0,4.6,81.68
2022-06-14,normal,212,23.7,789,0.0,0.0,0,0,0.0,82.4
2022-06-15,normal,213,24.7,822,0.0,0.0,0,0,0.0,80.6
2022-06-16,normal,206,17.7,589,0.0,0.0,0,0,13.1,73.75999999999999
2022-06-17,normal,203,14.7,490,0.4,0.0,0,0,0.0,89.78
2022-06-18,normal,206,17.7,589,0.0,0.0,0,0,0.0,71.6
2022-06-19,normal,209,20.7,689,0.0,0.0,0,0,0.0,72.14
2022-06-20,normal,208,19.7,656,0.0,0.0,0,0,0.0,79.7
2022-06-21,normal,207,18.7,623,0.0,0.0,0,0,2.1,79.7
2022-06-22,normal,212,23.7,789,0.0,0.0,0,0,2.7,68.9
2022-06-23,normal,211,22.7,756,0.0,0.0,0,0,1.0,72.32
2022-06-24,normal,204,15.7,523,0.2,0.0,0,0,0.6,78.8
2022-06-25,extreme_heat,260,71.7,2385,5.1,3726.47,0,1,0.0,90.5
2022-06-26,normal,205,16.7,556,0.0,0.0,0,0,0.0,87.61999999999999
2022-06-27,normal,218,29.7,988,0.0,0.0,0,0,8.5,80.06
2022-06-28,normal,207,18.7,623,0.3,0.0,0,0,0.2,82.4
2022-06-29,normal,193,4.7,157,0.0,0.0,0,0,0.0,84.56
2022-06-30,normal,198,9.7,323,0.1,0.0,0,0,0.0,89.24
2022-07-01,extreme_heat,228,39.7,1321,4.7,1899.18,0,1,0.0,92.84
2022-07-02,normal,184,0.0,0,0.0,0.0,0,0,14.6,86.72
2022-07-03,normal,185,0.0,0,0.0,0.0,0,0,0.1,88.16
2022-07-04,normal,186,0.0,0,0.1,0.0,0,0,0.0,86.36
2022-07-05,normal,178,0.0,0,0.0,0.0,0,0,0.9,86.72
2022-07-06,normal,187,0.0,0,0.0,0.0,0,0,0.1,89.41999999999999
2022-07-07,normal,176,0.0,0,0.0,0.0,0,0,0.0,80.78
2022-07-08,normal,188,0.0,0,0.3,0.0,0,0,1.4,84.2
2022-07-09,normal,182,0.0,0,0.0,0.0,0,0,0.0,85.64
2022-07-10,normal,186,0.0,0,0.0,0.0,0,0,0.0,81.32
2022-07-11,normal,179,0.0,0,0.1,0.0,0,0,0.0,83.3
2022-07-12,extreme_heat,223,34.7,1155,4.5,1584.28,0,1,0.6,93.2
2022-07-13,extreme_heat,229,40.7,1354,4.8,1990.55,0,1,0.0,91.04
2022-07-14,normal,182,0.0,0,0.0,0.0,0,0,0.3,88.88000000000001
2022-07-15,normal,188,0.0,0,0.3,0.0,0,0,0.1,83.48
2022-07-16,normal,182,0.0,0,0.5,0.0,0,0,13.1,82.22
2022-07-17,normal,187,0.0,0,0.0,0.0,0,0,1.0,82.4
2022-07-18,normal,173,0.0,0,0.0,0.0,0,0,13.0,86.36
2022-07-19,extreme_heat,229,40.7,1354,4.7,1968.77,0,1,0.0,92.84
2022-07-20,extreme_heat,240,51.7,1720,5.2,2733.44,0,1,0.0,93.2
2022-07-21,extreme_heat,230,41.7,1387,5.2,2203.09,0,1,2.6,92.84
2022-07-22,extreme_heat,224,35.7,1188,4.4,1620.36,0,1,0.0,93.74
2022-07-23,extreme_heat,226,37.7,1254,4.4,1706.03,0,1,0.0,94.1
2022-07-24,heat_emergency,228,39.7,1321,5.0,2046.14,0,1,0.0,96.8
2022-07-25,normal,191,2.7,91,0.0,0.0,0,0,24.0,88.88000000000001
2022-07-26,normal,185,0.0,0,0.1,0.0,0,0,0.1,84.2
2022-07-27,normal,180,0.0,0,0.4,0.0,0,0,0.0,82.75999999999999
2022-07-28,normal,177,0.0,0,0.1,0.0,0,0,1.3,87.44
2022-07-29,normal,183,0.0,0,0.0,0.0,0,0,0.4,87.44
2022-07-30,extreme_heat,231,42.7,1421,5.3,2307.31,0,1,0.8,89.96000000000001
2022-07-31,normal,181,0.0,0,0.0,0.0,0,0,0.0,83.84
2022-08-01,normal,191,2.7,91,0.0,0.0,0,0,7.4,79.52
2022-08-02,extreme_heat,227,38.7,1288,5.3,2105.09,0,1,0.0,92.3
2022-08-03,extreme_heat,243,54.7,1820,5.1,2843.2,0,1,0.0,90.5
2022-08-04,extreme_heat,235,46.7,1554,4.6,2223.45,0,1,0.0,91.76
2022-08-05,extreme_heat,231,42.7,1421,5.1,2219.71,0,1,0.4,91.4
2022-08-06,extreme_heat,246,57.7,1919,4.9,2893.58,0,1,1.2,90.68
2022-08-07,extreme_heat,237,48.7,1620,5.3,2650.9,0,1,5.1,93.74
2022-08-08,extreme_heat,232,43.7,1454,4.4,1991.03,0,1,0.7,94.46
2022-08-09,heat_emergency,242,53.7,1786,5.3,2908.58,0,1,7.1,99.5
2022-08-10,extreme_heat,241,52.7,1753,4.6,2485.48,0,1,0.1,91.04
2022-08-11,extreme_heat,231,42.7,1421,5.1,2238.76,0,1,0.8,90.14
2022-08-12,normal,192,3.7,124,0.0,0.0,0,0,0.0,84.56
2022-08-13,normal,190,1.7,57,0.0,0.0,0,0,0.0,80.96
2022-08-14,normal,185,0.0,0,0.1,0.0,0,0,0.0,80.78
2022-08-15,normal,186,0.0,0,0.0,0.0,0,0,0.1,81.5
2022-08-16,normal,187,0.0,0,0.0,0.0,0,0,0.0,82.75999999999999
2022-08-17,normal,194,5.7,190,0.5,0.0,0,0,0.2,80.78
2022-08-18,normal,180,0.0,0,0.0,0.0,0,0,0.1,87.61999999999999
2022-08-19,normal,183,0.0,0,0.3,0.0,0,0,0.0,89.06
2022-08-20,normal,189,0.7,24,0.0,0.0,0,0,0.3,89.24
2022-08-21,normal,193,4.7,157,0.2,0.0,0,0,0.0,82.22
2022-08-22,normal,183,0.0,0,0.2,0.0,0,0,17.8,76.1
2022-08-23,normal,184,0.0,0,0.0,0.0,0,0,5.8,84.56
2022-08-24,normal,183,0.0,0,0.2,0.0,0,0,0.0,88.7
2022-08-25,normal,189,0.7,24,0.0,0.0,0,0,0.0,89.24
2022-08-26,normal,184,0.0,0,0.0,0.0,0,0,16.5,85.1
2022-08-27,normal,182,0.0,0,0.0,0.0,0,0,0.0,85.64
2022-08-28,normal,193,4.7,157,0.2,0.0,0,0,1.3,81.5
2022-08-29,normal,191,2.7,91,0.0,0.0,0,0,0.2,83.48
2022-08-30,normal,183,0.0,0,0.0,0.0,0,0,1.7,86.18
2022-08-31,normal,189,0.7,24,0.2,0.0,0,0,0.6,84.2
2022-09-01,normal,202,13.7,456,0.3,0.0,0,0,0.0,86.0
2022-09-02,normal,199,10.7,357,0.1,0.0,0,0,0.0,77.18
2022-09-03,normal,196,7.7,257,0.0,0.0,0,0,0.0,79.52
2022-09-04,normal,209,20.7,689,0.0,0.0,0,0,1.3,86.72
2022-09-05,normal,206,17.7,589,0.0,0.0,0,0,5.2,83.3
2022-09-06,heavy_rain,281,92.7,3083,5.4,5111.02,1,0,31.8,72.5
2022-09-07,normal,199,10.7,357,0.0,0.0,0,0,2.3,73.4
2022-09-08,normal,210,21.7,722,0.3,0.0,0,0,0.1,75.2
2022-09-09,normal,209,20.7,689,0.1,0.0,0,0,0.0,79.7
2022-09-10,normal,200,11.7,390,0.0,0.0,0,0,0.0,81.5
2022-09-11,normal,202,13.7,456,0.1,0.0,0,0,15.5,76.64
2022-09-12,normal,206,17.7,589,0.0,0.0,0,0,10.2,82.4
2022-09-13,normal,203,14.7,490,0.4,0.0,0,0,6.9,78.98
2022-09-14,normal,204,15.7,523,0.2,0.0,0,0,0.0,80.6
2022-09-15,normal,207,18.7,623,0.0,0.0,0,0,0.0,71.96
2022-09-16,normal,205,16.7,556,0.0,0.0,0,0,0.0,75.56
2022-09-17,normal,207,18.7,623,0.0,0.0,0,0,0.0,72.68
2022-09-18,normal,205,16.7,556,0.3,0.0,0,0,0.0,84.38000000000001
2022-09-19,normal,201,12.7,423,0.0,0.0,0,0,1.8,86.36
2022-09-20,normal,206,17.7,589,0.0,0.0,0,0,0.0,78.8
2022-09-21,normal,208,19.7,656,0.2,0.0,0,0,0.0,78.98
2022-09-22,normal,207,18.7,623,0.2,0.0,0,0,7.5,77.9
2022-09-23,normal,200,11.7,390,0.3,0.0,0,0,0.0,62.06
2022-09-24,normal,201,12.7,423,0.1,0.0,0,0,0.0,69.62
2022-09-25,normal,211,22.7,756,0.1,0.0,0,0,2.4,76.1
2022-09-26,normal,207,18.7,623,0.0,0.0,0,0,0.0,74.84
2022-09-27,normal,214,25.7,855,0.1,0.0,0,0,0.0,70.7
2022-09-28,normal,217,28.7,955,0.0,0.0,0,0,0.0,69.98
2022-09-29,normal,208,19.7,656,0.5,0.0,0,0,0.0,66.74000000000001
2022-09-30,normal,211,22.7,756,0.6,0.0,0,0,0.1,62.42
2022-10-01,normal,212,23.7,789,0.0,0.0,0,0,21.7,63.5
2022-10-02,normal,203,14.7,490,0.0,0.0,0,0,12.6,59.18
2022-10-03,normal,208,19.7,656,0.3,0.0,0,0,18.6,53.6
2022-10-04,extreme_rain,387,198.7,6608,5.6,11414.56,1,0,187.2,55.22
2022-10-05,normal,208,19.7,656,0.0,0.0,0,0,7.7,60.8
2022-10-06,normal,206,17.7,589,0.0,0.0,0,0,0.0,73.04
2022-10-07,normal,202,13.7,456,0.0,0.0,0,0,0.2,75.38
2022-10-08,normal,203,14.7,490,0.0,0.0,0,0,0.5,58.82
2022-10-09,normal,207,18.7,623,0.0,0.0,0,0,0.0,61.7
2022-10-10,normal,205,16.7,556,0.5,0.0,0,0,0.0,68.0
2022-10-11,normal,199,10.7,357,0.0,0.0,0,0,0.0,67.46
2022-10-12,normal,211,22.7,756,0.3,0.0,0,0,0.0,66.74000000000001
2022-10-13,normal,213,24.7,822,0.1,0.0,0,0,5.6,69.8
2022-10-14,normal,208,19.7,656,0.0,0.0,0,0,8.5,66.92
2022-10-15,normal,205,16.7,556,0.0,0.0,0,0,0.0,66.38
2022-10-16,normal,204,15.7,523,0.1,0.0,0,0,0.0,64.04
2022-10-17,normal,208,19.7,656,0.0,0.0,0,0,4.1,66.2
2022-10-18,normal,205,16.7,556,0.0,0.0,0,0,0.7,56.84
2022-10-19,normal,211,22.7,756,0.0,0.0,0,0,0.0,54.32
2022-10-20,normal,204,15.7,523,0.0,0.0,0,0,0.0,57.92
2022-10-21,normal,209,20.7,689,0.0,0.0,0,0,0.0,60.8
2022-10-22,normal,199,10.7,357,0.0,0.0,0,0,0.0,64.04
2022-10-23,normal,211,22.7,756,0.0,0.0,0,0,17.6,59.9
2022-10-24,normal,203,14.7,490,0.1,0.0,0,0,12.1,61.7
2022-10-25,normal,208,19.7,656,0.2,0.0,0,0,2.6,69.44
2022-10-26,normal,197,8.7,290,0.2,0.0,0,0,0.4,70.16
2022-10-27,normal,208,19.7,656,0.0,0.0,0,0,0.0,63.5
2022-10-28,normal,200,11.7,390,0.0,0.0,0,0,0.0,55.58
2022-10-29,normal,203,14.7,490,0.0,0.0,0,0,0.0,57.92
2022-10-30,normal,201,12.7,423,0.0,0.0,0,0,0.0,61.16
2022-10-31,normal,206,17.7,589,0.1,0.0,0,0,6.6,63.32
2022-11-01,normal,211,22.7,756,0.0,0.0,0,0,7.5,67.64
2022-11-02,normal,211,22.7,756,0.5,0.0,0,0,0.0,68.18
2022-11-03,normal,211,22.7,756,0.0,0.0,0,0,0.0,64.22
2022-11-04,normal,208,19.7,656,0.5,0.0,0,0,0.0,67.64
2022-11-05,normal,207,18.7,623,0.0,0.0,0,0,0.0,73.4
2022-11-06,normal,214,25.7,855,0.0,0.0,0,0,2.8,74.84
2022-11-07,normal,209,20.7,689,0.0,0.0,0,0,0.8,75.2
2022-11-08,normal,210,21.7,722,0.1,0.0,0,0,0.0,56.3
2022-11-09,normal,211,22.7,756,0.0,0.0,0,0,0.0,51.08
2022-11-10,normal,204,15.7,523,0.0,0.0,0,0,0.0,63.32
2022-11-11,normal,212,23.7,789,0.0,0.0,0,0,25.3,66.02
2022-11-12,normal,207,18.7,623,0.3,0.0,0,0,1.8,69.25999999999999
2022-11-13,normal,203,14.7,490,0.6,0.0,0,0,2.9,57.38
2022-11-14,normal,198,9.7,323,0.0,0.0,0,0,0.0,45.86
2022-11-15,normal,218,29.7,988,0.2,0.0,0,0,6.0,46.04
2022-11-16,normal,207,18.7,623,0.4,0.0,0,0,12.5,52.34
2022-11-17,normal,210,21.7,722,0.0,0.0,0,0,0.0,47.120000000000005
2022-11-18,normal,197,8.7,290,0.2,0.0,0,0,0.2,43.88
2022-11-19,normal,215,26.7,889,0.0,0.0,0,0,0.0,39.92
2022-11-20,normal,203,14.7,490,0.0,0.0,0,0,0.1,36.14
2022-11-21,normal,206,17.7,589,0.2,0.0,0,0,0.0,39.56
2022-11-22,normal,207,18.7,623,0.0,0.0,0,0,0.0,49.28
2022-11-23,normal,207,18.7,623,0.0,0.0,0,0,0.0,53.24
2022-11-24,normal,220,31.7,1055,0.0,0.0,0,0,0.0,51.08
2022-11-25,normal,215,26.7,889,0.0,0.0,0,0,3.8,53.78
2022-11-26,normal,204,15.7,523,0.2,0.0,0,0,0.0,54.32
2022-11-27,normal,210,21.7,722,0.1,0.0,0,0,12.2,57.02
2022-11-28,normal,208,19.7,656,0.0,0.0,0,0,0.0,53.78
2022-11-29,normal,215,26.7,889,0.0,0.0,0,0,0.0,43.16
2022-11-30,normal,206,17.7,589,0.0,0.0,0,0,14.9,55.22
2022-12-01,normal,203,14.7,490,0.0,0.0,0,0,0.0,43.16
2022-12-02,normal,211,22.7,756,0.0,0.0,0,0,0.0,41.36
2022-12-03,normal,206,17.7,589,0.0,0.0,0,0,8.8,56.120000000000005
2022-12-04,normal,216,27.7,922,0.0,0.0,0,0,0.0,44.42
2022-12-05,normal,208,19.7,656,0.3,0.0,0,0,0.0,43.88
2022-12-06,normal,212,23.7,789,0.0,0.0,0,0,11.5,54.5
2022-12-07,normal,207,18.7,623,0.5,0.0,0,0,10.5,58.28
2022-12-08,normal,211,22.7,756,0.0,0.0,0,0,0.0,52.88
2022-12-09,normal,205,16.7,556,0.0,0.0,0,0,0.0,44.78
2022-12-10,normal,203,14.7,490,0.2,0.0,0,0,0.0,40.64
2022-12-11,normal,212,23.7,789,0.0,0.0,0,0,10.7,39.74
2022-12-12,normal,209,20.7,689,0.0,0.0,0,0,1.1,39.74
2022-12-13,normal,208,19.7,656,0.0,0.0,0,0,0.0,40.82
2022-12-14,normal,208,19.7,656,0.0,0.0,0,0,0.0,40.1
2022-12-15,normal,204,15.7,523,0.0,0.0,0,0,17.3,40.64
2022-12-16,normal,217,28.7,955,0.0,0.0,0,0,14.5,44.06
2022-12-17,normal,209,20.7,689,0.0,0.0,0,0,0.3,44.6
2022-12-18,normal,204,15.7,523,0.0,0.0,0,0,0.0,39.38
2022-12-19,normal,203,14.7,490,0.1,0.0,0,0,0.0,38.66
2022-12-20,normal,207,18.7,623,0.0,0.0,0,0,0.0,38.84
2022-12-21,normal,210,21.7,722,0.0,0.0,0,0,0.0,37.58
2022-12-22,normal,209,20.7,689,0.0,0.0,0,0,9.5,44.24
2022-12-23,normal,207,18.7,623,0.0,0.0,0,0,23.0,55.04
2022-12-24,normal,212,23.7,789,0.1,0.0,0,0,0.0,23.72
2022-12-25,normal,207,18.7,623,0.0,0.0,0,0,0.0,29.3
2022-12-26,normal,203,14.7,490,0.0,0.0,0,0,0.0,30.38
2022-12-27,normal,209,20.7,689,0.0,0.0,0,0,0.0,37.22
2022-12-28,normal,212,23.7,789,0.0,0.0,0,0,0.0,44.24
2022-12-29,normal,202,13.7,456,0.3,0.0,0,0,0.0,47.48
2022-12-30,normal,210,21.7,722,0.0,0.0,0,0,0.0,56.48
2022-12-31,normal,216,27.7,922,0.0,0.0,0,0,6.3,51.98
2023-01-01,normal,182,0.0,0,0.0,0.0,0,0,2.1,53.42
2023-01-02,normal,181,0.0,0,0.0,0.0,0,0,0.5,55.22
2023-01-03,normal,181,0.0,0,0.0,0.0,0,0,9.5,55.22
2023-01-04,normal,181,0.0,0,0.2,0.0,0,0,2.3,64.4
2023-01-05,normal,181,0.0,0,0.0,0.0,0,0,0.0,55.58
2023-01-06,normal,187,0.0,0,0.0,0.0,0,0,9.6,47.66
2023-01-07,normal,186,0.0,0,0.5,0.0,0,0,0.0,46.76
2023-01-08,normal,186,0.0,0,0.1,0.0,0,0,0.0,39.56
2023-01-09,normal,185,0.0,0,0.2,0.0,0,0,1.5,44.96
2023-01-10,normal,195,6.7,224,0.6,0.0,0,0,0.0,43.34
2023-01-11,normal,192,3.7,124,0.0,0.0,0,0,0.0,39.02
2023-01-12,normal,182,0.0,0,0.0,0.0,0,0,11.9,49.64
2023-01-13,normal,185,0.0,0,0.4,0.0,0,0,1.6,54.86
2023-01-14,normal,190,1.7,57,0.4,0.0,0,0,0.0,37.22
2023-01-15,normal,189,0.7,24,0.6,0.0,0,0,0.0,41.36
2023-01-16,normal,185,0.0,0,0.0,0.0,0,0,0.0,46.76
2023-01-17,normal,183,0.0,0,0.0,0.0,0,0,1.4,45.32
2023-01-18,normal,179,0.0,0,0.0,0.0,0,0,1.7,51.44
2023-01-19,normal,180,0.0,0,0.5,0.0,0,0,23.5,42.260000000000005
2023-01-20,normal,178,0.0,0,0.0,0.0,0,0,0.6,48.2
2023-01-21,normal,188,0.0,0,0.3,0.0,0,0,0.2,43.16
2023-01-22,normal,189,0.7,24,0.2,0.0,0,0,5.4,42.08
2023-01-23,normal,191,2.7,91,0.0,0.0,0,0,16.9,37.4
2023-01-24,normal,188,0.0,0,0.0,0.0,0,0,0.0,46.04
2023-01-25,normal,186,0.0,0,0.1,0.0,0,0,20.0,51.08
2023-01-26,normal,185,0.0,0,0.0,0.0,0,0,14.5,53.42
2023-01-27,normal,184,0.0,0,0.0,0.0,0,0,0.0,43.16
2023-01-28,normal,186,0.0,0,0.0,0.0,0,0,0.0,51.620000000000005
2023-01-29,normal,191,2.7,91,0.0,0.0,0,0,0.0,50.9
2023-01-30,normal,187,0.0,0,0.0,0.0,0,0,0.0,53.06
2023-01-31,normal,174,0.0,0,0.2,0.0,0,0,2.5,43.7
2023-02-01,normal,190,1.7,57,0.4,0.0,0,0,1.6,37.76
2023-02-02,normal,185,0.0,0,0.2,0.0,0,0,0.0,39.38
2023-02-03,normal,194,5.7,190,0.0,0.0,0,0,0.0,32.54
2023-02-04,normal,202,13.7,456,0.4,0.0,0,0,0.0,25.16
2023-02-05,normal,193,4.7,157,0.1,0.0,0,0,0.0,48.38
2023-02-06,normal,198,9.7,323,0.0,0.0,0,0,0.0,50.36
2023-02-07,normal,195,6.7,224,0.0,0.0,0,0,2.6,38.66
2023-02-08,normal,197,8.7,290,0.3,0.0,0,0,0.7,50.72
2023-02-09,normal,190,1.7,57,0.0,0.0,0,0,0.0,51.98
2023-02-10,normal,194,5.7,190,0.0,0.0,0,0,0.0,57.38
2023-02-11,normal,196,7.7,257,0.0,0.0,0,0,0.0,44.24
2023-02-12,normal,194,5.7,190,0.3,0.0,0,0,0.8,44.24
2023-02-13,normal,197,8.7,290,0.2,0.0,0,0,1.8,56.120000000000005
2023-02-14,normal,192,3.7,124,0.0,0.0,0,0,0.0,52.52
2023-02-15,normal,196,7.7,257,0.0,0.0,0,0,0.0,62.6
2023-02-16,normal,194,5.7,190,0.3,0.0,0,0,2.9,66.56
2023-02-17,normal,197,8.7,290,0.2,0.0,0,0,8.1,59.72
2023-02-18,normal,192,3.7,124,0.1,0.0,0,0,0.0,42.44
2023-02-19,normal,192,3.7,124,0.0,0.0,0,0,0.0,46.58
2023-02-20,normal,193,4.7,157,0.2,0.0,0,0,0.0,59.72
2023-02-21,normal,188,0.0,0,0.0,0.0,0,0,7.1,47.120000000000005
2023-02-22,normal,190,1.7,57,0.0,0.0,0,0,4.4,42.08
2023-02-23,normal,189,0.7,24,0.2,0.0,0,0,0.6,46.04
2023-02-24,normal,196,7.7,257,0.3,0.0,0,0,0.0,45.32
2023-02-25,normal,194,5.7,190,0.2,0.0,0,0,0.7,32.36
2023-02-26,normal,188,0.0,0,0.0,0.0,0,0,0.0,50.36
2023-02-27,normal,183,0.0,0,0.0,0.0,0,0,3.8,40.82
2023-02-28,normal,193,4.7,157,0.0,0.0,0,0,13.1,35.96
2023-03-01,normal,196,7.7,257,0.1,0.0,0,0,3.4,42.44
2023-03-02,normal,197,8.7,290,0.4,0.0,0,0,1.5,56.84
2023-03-03,normal,188,0.0,0,0.0,0.0,0,0,2.8,45.5
2023-03-04,heavy_rain,264,75.7,2518,4.9,3785.79,1,0,41.8,44.96
2023-03-05,normal,194,5.7,190,0.0,0.0,0,0,0.0,53.96
2023-03-06,normal,198,9.7,323,0.1,0.0,0,0,0.0,50.36
2023-03-07,normal,195,6.7,224,0.0,0.0,0,0,2.7,45.32
2023-03-08,normal,198,9.7,323,0.3,0.0,0,0,0.0,48.92
2023-03-09,normal,197,8.7,290,0.0,0.0,0,0,0.0,50.72
2023-03-10,normal,188,0.0,0,0.0,0.0,0,0,7.3,45.32
2023-03-11,normal,194,5.7,190,0.0,0.0,0,0,13.1,44.6
2023-03-12,normal,201,12.7,423,0.4,0.0,0,0,0.0,46.04
2023-03-13,normal,185,0.0,0,0.0,0.0,0,0,16.7,42.620000000000005
2023-03-14,normal,193,4.7,157,0.8,0.0,0,0,12.2,38.12
2023-03-15,normal,196,7.7,257,0.1,0.0,0,0,0.0,44.78
2023-03-16,normal,195,6.7,224,0.1,0.0,0,0,0.0,56.120000000000005
2023-03-17,normal,195,6.7,224,0.0,0.0,0,0,0.0,57.92
2023-03-18,normal,199,10.7,357,0.4,0.0,0,0,0.7,51.98
2023-03-19,normal,201,12.7,423,0.1,0.0,0,0,0.0,38.84
2023-03-20,normal,203,14.7,490,0.0,0.0,0,0,0.0,51.26
2023-03-21,normal,200,11.7,390,0.0,0.0,0,0,0.0,60.440000000000005
2023-03-22,normal,199,10.7,357,0.3,0.0,0,0,0.0,55.94
2023-03-23,normal,197,8.7,290,0.0,0.0,0,0,2.8,58.82
2023-03-24,normal,201,12.7,423,0.3,0.0,0,0,0.2,55.58
2023-03-25,normal,190,1.7,57,0.1,0.0,0,0,11.5,45.5
2023-03-26,normal,202,13.7,456,0.2,0.0,0,0,0.0,59.18
2023-03-27,normal,188,0.0,0,0.0,0.0,0,0,2.6,58.82
2023-03-28,normal,200,11.7,390,0.1,0.0,0,0,0.6,52.16
2023-03-29,normal,199,10.7,357,0.0,0.0,0,0,0.0,51.8
2023-03-30,normal,192,3.7,124,0.3,0.0,0,0,0.1,45.68
2023-03-31,normal,197,8.7,290,0.0,0.0,0,0,0.0,50.18
2023-04-01,normal,187,0.0,0,0.0,0.0,0,0,10.1,67.46
2023-04-02,normal,193,4.7,157,0.0,0.0,0,0,0.0,51.08
2023-04-03,normal,189,0.7,24,0.6,0.0,0,0,0.0,56.120000000000005
2023-04-04,normal,185,0.0,0,0.0,0.0,0,0,0.0,65.66
2023-04-05,normal,193,4.7,157,0.0,0.0,0,0,0.4,56.48
2023-04-06,normal,189,0.7,24,0.2,0.0,0,0,3.3,79.7
2023-04-07,normal,183,0.0,0,0.0,0.0,0,0,0.0,57.02
2023-04-08,normal,191,2.7,91,0.3,0.0,0,0,0.0,50.72
2023-04-09,normal,184,0.0,0,0.1,0.0,0,0,0.0,53.24
2023-04-10,normal,179,0.0,0,0.1,0.0,0,0,0.0,64.22
2023-04-11,normal,186,0.0,0,0.2,0.0,0,0,0.0,73.4
2023-04-12,normal,189,0.7,24,0.2,0.0,0,0,0.0,81.5
2023-04-13,normal,185,0.0,0,0.0,0.0,0,0,0.0,87.98
2023-04-14,normal,181,0.0,0,0.0,0.0,0,0,0.0,85.28
2023-04-15,normal,187,0.0,0,0.0,0.0,0,0,5.0,69.8
2023-04-16,normal,174,0.0,0,0.0,0.0,0,0,0.0,69.8
2023-04-17,normal,187,0.0,0,0.0,0.0,0,0,3.1,68.0
2023-04-18,normal,185,0.0,0,0.2,0.0,0,0,0.1,57.92
2023-04-19,normal,180,0.0,0,0.0,0.0,0,0,0.0,63.5
2023-04-20,normal,179,0.0,0,0.0,0.0,0,0,0.0,60.62
2023-04-21,normal,189,0.7,24,0.1,0.0,0,0,0.0,66.2
2023-04-22,normal,186,0.0,0,0.0,0.0,0,0,15.7,67.64
2023-04-23,normal,189,0.7,24,0.0,0.0,0,0,18.4,66.56
2023-04-24,normal,178,0.0,0,0.0,0.0,0,0,0.0,61.16
2023-04-25,normal,185,0.0,0,0.1,0.0,0,0,0.3,59.36
2023-04-26,normal,188,0.0,0,0.0,0.0,0,0,0.9,57.02
2023-04-27,normal,180,0.0,0,0.4,0.0,0,0,0.7,56.3
2023-04-28,normal,183,0.0,0,0.0,0.0,0,0,6.1,55.58
2023-04-29,extreme_rain,324,135.7,4513,5.2,7184.83,1,0,59.5,53.96
2023-04-30,normal,179,0.0,0,0.0,0.0,0,0,22.2,58.82
2023-05-01,normal,196,7.7,257,0.1,0.0,0,0,1.8,60.26
2023-05-02,normal,196,7.7,257,0.0,0.0,0,0,0.8,56.120000000000005
2023-05-03,normal,200,11.7,390,0.1,0.0,0,0,0.7,54.68
2023-05-04,normal,206,17.7,589,0.0,0.0,0,0,1.7,57.92
2023-05-05,normal,203,14.7,490,0.2,0.0,0,0,3.5,62.78
2023-05-06,normal,194,5.7,190,0.0,0.0,0,0,0.0,69.8
2023-05-07,normal,198,9.7,323,0.1,0.0,0,0,0.0,74.84
2023-05-08,normal,208,19.7,656,0.4,0.0,0,0,0.0,74.66
2023-05-09,normal,198,9.7,323,0.1,0.0,0,0,0.0,66.74000000000001
2023-05-10,normal,203,14.7,490,0.4,0.0,0,0,0.0,70.16
2023-05-11,normal,210,21.7,722,0.0,0.0,0,0,0.0,77.72
2023-05-12,normal,206,17.7,589,0.2,0.0,0,0,0.0,85.1
2023-05-13,normal,201,12.7,423,0.6,0.0,0,0,0.0,81.32
2023-05-14,normal,194,5.7,190,0.0,0.0,0,0,0.0,73.22
2023-05-15,normal,203,14.7,490,0.0,0.0,0,0,0.0,77.72
2023-05-16,normal,201,12.7,423,0.0,0.0,0,0,0.0,82.04
2023-05-17,normal,197,8.7,290,0.3,0.0,0,0,0.0,65.84
2023-05-18,normal,209,20.7,689,0.3,0.0,0,0,0.0,57.56
2023-05-19,normal,201,12.7,423,0.5,0.0,0,0,0.0,67.1
2023-05-20,heavy_rain,258,69.7,2318,5.3,3805.92,1,0,26.9,63.68
2023-05-21,normal,202,13.7,456,0.0,0.0,0,0,0.6,71.42
2023-05-22,normal,201,12.7,423,0.1,0.0,0,0,0.2,73.4
2023-05-23,normal,208,19.7,656,0.1,0.0,0,0,0.0,67.1
2023-05-24,normal,196,7.7,257,0.0,0.0,0,0,0.7,71.42
2023-05-25,normal,195,6.7,224,0.0,0.0,0,0,0.0,66.56
2023-05-26,normal,197,8.7,290,0.2,0.0,0,0,0.0,71.96
2023-05-27,normal,195,6.7,224,0.0,0.0,0,0,0.0,75.92
2023-05-28,normal,199,10.7,357,0.4,0.0,0,0,0.0,74.48
2023-05-29,normal,195,6.7,224,0.0,0.0,0,0,0.0,76.46
2023-05-30,normal,201,12.7,423,0.0,0.0,0,0,0.0,68.72
2023-05-31,normal,206,17.7,589,0.1,0.0,0,0,0.0,72.68
2023-06-01,normal,202,13.7,456,0.4,0.0,0,0,0.0,81.32
2023-06-02,normal,207,18.7,623,0.0,0.0,0,0,0.0,87.44
2023-06-03,normal,200,11.7,390,0.3,0.0,0,0,3.5,68.18
2023-06-04,normal,200,11.7,390,0.0,0.0,0,0,0.1,70.7
2023-06-05,normal,202,13.7,456,0.3,0.0,0,0,0.0,75.2
2023-06-06,normal,204,15.7,523,0.0,0.0,0,0,0.2,78.44
2023-06-07,normal,204,15.7,523,0.0,0.0,0,0,0.0,77.18
2023-06-08,normal,202,13.7,456,0.2,0.0,0,0,0.0,72.32
2023-06-09,normal,198,9.7,323,0.0,0.0,0,0,0.9,73.22
2023-06-10,normal,205,16.7,556,0.0,0.0,0,0,0.2,79.52
2023-06-11,normal,198,9.7,323,0.0,0.0,0,0,0.0,80.78
2023-06-12,normal,206,17.7,589,0.0,0.0,0,0,8.5,75.2
2023-06-13,normal,208,19.7,656,0.0,0.0,0,0,0.0,79.52
2023-06-14,normal,205,16.7,556,0.7,0.0,0,0,9.5,76.46
2023-06-15,normal,207,18.7,623,0.0,0.0,0,0,0.0,79.16
2023-06-16,normal,200,11.7,390,0.0,0.0,0,0,10.8,78.62
2023-06-17,normal,197,8.7,290,0.0,0.0,0,0,0.1,77.9
2023-06-18,normal,202,13.7,456,0.0,0.0,0,0,0.0,79.7
2023-06-19,normal,203,14.7,490,0.0,0.0,0,0,1.4,77.36
2023-06-20,normal,205,16.7,556,0.2,0.0,0,0,0.0,74.3
2023-06-21,normal,202,13.7,456,0.7,0.0,0,0,0.3,73.22
2023-06-22,normal,201,12.7,423,0.0,0.0,0,0,0.3,69.8
2023-06-23,normal,203,14.7,490,0.2,0.0,0,0,12.4,73.22
2023-06-24,normal,192,3.7,124,0.2,0.0,0,0,21.2,78.25999999999999
2023-06-25,normal,198,9.7,323,0.0,0.0,0,0,1.9,83.3
2023-06-26,normal,200,11.7,390,0.0,0.0,0,0,4.6,77.9
2023-06-27,normal,206,17.7,589,0.6,0.0,0,0,18.7,79.52
2023-06-28,normal,201,12.7,423,0.3,0.0,0,0,2.1,83.48
2023-06-29,normal,194,5.7,190,0.0,0.0,0,0,0.0,83.48
2023-06-30,normal,198,9.7,323,0.4,0.0,0,0,0.0,84.56
2023-07-01,normal,194,5.7,190,0.0,0.0,0,0,0.0,80.42
2023-07-02,normal,201,12.7,423,0.0,0.0,0,0,16.1,88.16
2023-07-03,normal,193,4.7,157,0.5,0.0,0,0,17.8,87.98
2023-07-04,normal,187,0.0,0,0.3,0.0,0,0,5.4,84.91999999999999
2023-07-05,extreme_heat,235,46.7,1554,5.2,2475.44,0,1,0.0,90.14
2023-07-06,normal,192,3.7,124,0.5,0.0,0,0,0.0,88.34
2023-07-07,normal,195,6.7,224,0.0,0.0,0,0,0.6,85.46000000000001
2023-07-08,normal,197,8.7,290,0.0,0.0,0,0,4.4,85.28
2023-07-09,normal,192,3.7,124,0.1,0.0,0,0,18.5,80.6
2023-07-10,normal,191,2.7,91,0.2,0.0,0,0,1.3,83.66
2023-07-11,normal,188,0.0,0,0.0,0.0,0,0,0.0,89.24
2023-07-12,extreme_heat,243,54.7,1820,5.3,2996.87,0,1,0.0,91.4
2023-07-13,normal,186,0.0,0,0.0,0.0,0,0,0.2,89.41999999999999
2023-07-14,heavy_rain,273,84.7,2817,4.7,4111.13,1,0,36.6,82.75999999999999
2023-07-15,normal,188,0.0,0,0.0,0.0,0,0,8.0,85.1
2023-07-16,heavy_rain,262,73.7,2451,5.3,3984.83,1,0,41.4,78.8
2023-07-17,normal,190,1.7,57,0.1,0.0,0,0,0.1,89.24
2023-07-18,normal,183,0.0,0,0.0,0.0,0,0,8.3,85.28
2023-07-19,normal,191,2.7,91,0.0,0.0,0,0,3.8,81.5
2023-07-20,normal,192,3.7,124,0.5,0.0,0,0,0.5,83.3
2023-07-21,normal,197,8.7,290,0.2,0.0,0,0,3.5,85.1
2023-07-22,normal,196,7.7,257,0.2,0.0,0,0,0.0,83.3
2023-07-23,normal,183,0.0,0,0.0,0.0,0,0,0.5,86.18
2023-07-24,normal,199,10.7,357,0.0,0.0,0,0,1.9,83.84
2023-07-25,normal,195,6.7,224,0.4,0.0,0,0,9.0,83.66
2023-07-26,normal,199,10.7,357,0.0,0.0,0,0,0.4,86.18
2023-07-27,extreme_heat,241,52.7,1753,5.2,2823.89,0,1,0.7,93.02
2023-07-28,extreme_heat,249,60.7,2019,5.4,3379.59,0,1,0.0,93.56
2023-07-29,extreme_heat,242,53.7,1786,4.7,2566.15,0,1,4.3,93.02
2023-07-30,normal,189,0.7,24,0.2,0.0,0,0,0.0,79.34
2023-07-31,normal,193,4.7,157,0.0,0.0,0,0,0.0,85.1
2023-08-01,normal,188,0.0,0,0.0,0.0,0,0,0.0,80.6
2023-08-02,normal,187,0.0,0,0.0,0.0,0,0,0.0,82.04
2023-08-03,normal,192,3.7,124,0.0,0.0,0,0,0.9,79.52
2023-08-04,normal,194,5.7,190,0.2,0.0,0,0,0.9,81.5
2023-08-05,normal,193,4.7,157,0.0,0.0,0,0,0.2,87.44
2023-08-06,normal,194,5.7,190,0.0,0.0,0,0,0.0,85.82
2023-08-07,heavy_rain,263,74.7,2485,4.8,3669.18,1,0,37.9,82.04
2023-08-08,normal,184,0.0,0,0.6,0.0,0,0,15.2,80.78
2023-08-09,normal,188,0.0,0,0.0,0.0,0,0,0.1,85.1
2023-08-10,normal,195,6.7,224,0.6,0.0,0,0,11.9,77.9
2023-08-11,normal,189,0.7,24,0.0,0.0,0,0,0.1,84.56
2023-08-12,normal,191,2.7,91,0.1,0.0,0,0,8.6,82.58
2023-08-13,normal,189,0.7,24,0.0,0.0,0,0,2.9,87.26
2023-08-14,normal,190,1.7,57,0.0,0.0,0,0,1.3,87.61999999999999
2023-08-15,normal,190,1.7,57,0.0,0.0,0,0,20.3,80.6
2023-08-16,normal,191,2.7,91,0.1,0.0,0,0,4.0,79.88
2023-08-17,normal,196,7.7,257,0.5,0.0,0,0,5.9,78.25999999999999
2023-08-18,normal,194,5.7,190,0.0,0.0,0,0,3.1,80.6
2023-08-19,normal,195,6.7,224,0.1,0.0,0,0,0.0,79.52
2023-08-20,normal,186,0.0,0,0.0,0.0,0,0,0.0,85.82
2023-08-21,normal,190,1.7,57,0.0,0.0,0,0,0.1,87.98
2023-08-22,normal,196,7.7,257,0.3,0.0,0,0,0.0,78.98
2023-08-23,normal,188,0.0,0,0.4,0.0,0,0,0.0,77.9
2023-08-24,normal,193,4.7,157,0.3,0.0,0,0,2.2,76.1
2023-08-25,normal,193,4.7,157,0.0,0.0,0,0,11.1,82.4
2023-08-26,normal,186,0.0,0,0.0,0.0,0,0,0.4,86.36
2023-08-27,normal,190,1.7,57,0.2,0.0,0,0,0.5,83.12
2023-08-28,normal,198,9.7,323,0.4,0.0,0,0,1.1,77.0
2023-08-29,normal,190,1.7,57,0.0,0.0,0,0,1.6,81.68
2023-08-30,normal,190,1.7,57,0.0,0.0,0,0,0.7,85.28
2023-08-31,normal,192,3.7,124,0.0,0.0,0,0,0.0,77.18
2023-09-01,normal,184,0.0,0,0.0,0.0,0,0,0.0,76.1
2023-09-02,normal,183,0.0,0,0.5,0.0,0,0,0.0,80.6
2023-09-03,extreme_heat,233,44.7,1487,5.0,2283.76,0,1,0.3,90.14
2023-09-04,extreme_heat,233,44.7,1487,4.8,2215.98,0,1,1.2,92.84
2023-09-05,heat_emergency,224,35.7,1188,5.0,1841.68,0,1,0.0,95.54
2023-09-06,heat_emergency,230,41.7,1387,5.2,2219.83,0,1,0.0,96.62
2023-09-07,heat_emergency,231,42.7,1421,5.6,2438.71,0,1,3.8,95.36
2023-09-08,normal,186,0.0,0,0.1,0.0,0,0,14.3,89.06
2023-09-09,normal,180,0.0,0,0.6,0.0,0,0,8.5,84.56
2023-09-10,normal,184,0.0,0,0.3,0.0,0,0,16.5,76.1
2023-09-11,normal,182,0.0,0,0.4,0.0,0,0,4.4,81.68
2023-09-12,normal,183,0.0,0,0.3,0.0,0,0,0.2,84.2
2023-09-13,normal,182,0.0,0,0.0,0.0,0,0,17.1,79.88
2023-09-14,normal,187,0.0,0,0.1,0.0,0,0,0.0,77.0
2023-09-15,normal,182,0.0,0,0.0,0.0,0,0,0.0,70.7
2023-09-16,normal,188,0.0,0,0.0,0.0,0,0,0.0,76.1
2023-09-17,normal,179,0.0,0,0.5,0.0,0,0,0.5,75.56
2023-09-18,normal,182,0.0,0,0.0,0.0,0,0,13.9,70.7
2023-09-19,normal,181,0.0,0,0.0,0.0,0,0,0.0,74.3
2023-09-20,normal,178,0.0,0,0.0,0.0,0,0,0.0,74.3
2023-09-21,normal,179,0.0,0,0.0,0.0,0,0,0.0,73.04
2023-09-22,normal,177,0.0,0,0.0,0.0,0,0,0.0,72.32
2023-09-23,heavy_rain,241,52.7,1753,5.1,2729.89,1,0,42.3,60.98
2023-09-24,normal,179,0.0,0,0.0,0.0,0,0,17.3,67.64
2023-09-25,normal,187,0.0,0,0.0,0.0,0,0,17.5,63.14
2023-09-26,normal,176,0.0,0,0.0,0.0,0,0,8.5,62.6
2023-09-27,normal,180,0.0,0,0.2,0.0,0,0,0.0,64.04
2023-09-28,normal,188,0.0,0,0.1,0.0,0,0,0.1,65.84
2023-09-29,extreme_rain,346,157.7,5244,4.9,7934.67,1,0,69.9,62.78
2023-09-30,normal,180,0.0,0,0.2,0.0,0,0,1.0,71.06
2023-10-01,normal,204,15.7,523,0.0,0.0,0,0,0.0,77.0
2023-10-02,normal,195,6.7,224,0.5,0.0,0,0,0.0,77.72
2023-10-03,normal,198,9.7,323,0.0,0.0,0,0,0.0,81.32
2023-10-04,normal,197,8.7,290,0.3,0.0,0,0,0.0,82.04
2023-10-05,normal,201,12.7,423,0.3,0.0,0,0,0.0,75.2
2023-10-06,normal,201,12.7,423,0.0,0.0,0,0,2.6,72.5
2023-10-07,extreme_rain,358,169.7,5643,5.2,8992.28,1,0,60.4,69.08
2023-10-08,normal,203,14.7,490,0.9,0.0,0,0,0.0,62.42
2023-10-09,normal,197,8.7,290,0.3,0.0,0,0,0.1,60.08
2023-10-10,normal,188,0.0,0,0.0,0.0,0,0,0.0,64.4
2023-10-11,normal,189,0.7,24,0.3,0.0,0,0,0.0,69.25999999999999
2023-10-12,normal,205,16.7,556,0.0,0.0,0,0,0.0,69.8
2023-10-13,normal,195,6.7,224,0.0,0.0,0,0,0.0,63.68
2023-10-14,normal,205,16.7,556,0.1,0.0,0,0,15.1,53.42
2023-10-15,normal,206,17.7,589,0.3,0.0,0,0,1.2,61.88
2023-10-16,normal,201,12.7,423,0.0,0.0,0,0,0.2,63.86
2023-10-17,normal,192,3.7,124,0.0,0.0,0,0,0.6,62.42
2023-10-18,normal,201,12.7,423,0.5,0.0,0,0,0.3,62.96
2023-10-19,normal,196,7.7,257,0.0,0.0,0,0,0.0,64.4
2023-10-20,heavy_rain,263,74.7,2485,4.8,3672.51,1,0,27.2,63.14
2023-10-21,normal,201,12.7,423,0.0,0.0,0,0,5.9,64.04
2023-10-22,normal,201,12.7,423,0.0,0.0,0,0,0.0,57.02
2023-10-23,normal,201,12.7,423,0.0,0.0,0,0,0.0,60.98
2023-10-24,normal,203,14.7,490,0.0,0.0,0,0,0.0,64.04
2023-10-25,normal,200,11.7,390,0.0,0.0,0,0,0.0,71.6
2023-10-26,normal,199,10.7,357,0.1,0.0,0,0,0.0,78.8
2023-10-27,normal,196,7.7,257,0.0,0.0,0,0,0.0,76.28
2023-10-28,normal,202,13.7,456,0.6,0.0,0,0,0.0,80.6
2023-10-29,normal,201,12.7,423,0.0,0.0,0,0,6.9,61.16
2023-10-30,normal,197,8.7,290,0.1,0.0,0,0,2.0,66.38
2023-10-31,normal,200,11.7,390,0.1,0.0,0,0,0.2,51.08
2023-11-01,normal,205,16.7,556,0.0,0.0,0,0,3.5,49.64
2023-11-02,normal,209,20.7,689,0.0,0.0,0,0,0.0,49.46
2023-11-03,normal,209,20.7,689,0.0,0.0,0,0,0.0,55.58
2023-11-04,normal,215,26.7,889,0.0,0.0,0,0,0.0,59.0
2023-11-05,normal,213,24.7,822,0.0,0.0,0,0,0.0,62.6
2023-11-06,normal,215,26.7,889,0.6,0.0,0,0,0.1,53.78
2023-11-07,normal,200,11.7,390,0.0,0.0,0,0,5.7,68.54
2023-11-08,normal,208,19.7,656,0.0,0.0,0,0,0.0,51.620000000000005
2023-11-09,normal,211,22.7,756,0.4,0.0,0,0,0.4,59.540000000000006
2023-11-10,normal,218,29.7,988,0.4,0.0,0,0,0.3,51.44
2023-11-11,normal,213,24.7,822,0.2,0.0,0,0,0.0,53.96
2023-11-12,normal,206,17.7,589,0.5,0.0,0,0,0.0,44.96
2023-11-13,normal,218,29.7,988,0.0,0.0,0,0,0.0,48.02
2023-11-14,normal,215,26.7,889,0.0,0.0,0,0,0.0,52.16
2023-11-15,normal,207,18.7,623,0.0,0.0,0,0,0.0,51.620000000000005
2023-11-16,normal,217,28.7,955,0.5,0.0,0,0,0.0,64.22
2023-11-17,normal,208,19.7,656,0.0,0.0,0,0,0.0,67.1
2023-11-18,normal,209,20.7,689,0.2,0.0,0,0,1.2,55.76
2023-11-19,normal,212,23.7,789,0.3,0.0,0,0,0.0,54.32
2023-11-20,normal,210,21.7,722,0.0,0.0,0,0,0.0,44.96
2023-11-21,normal,210,21.7,722,0.0,0.0,0,0,7.9,47.120000000000005
2023-11-22,normal,210,21.7,722,0.0,0.0,0,0,24.7,57.92
2023-11-23,normal,202,13.7,456,0.1,0.0,0,0,0.0,52.16
2023-11-24,normal,219,30.7,1022,0.2,0.0,0,0,0.0,49.82
2023-11-25,normal,212,23.7,789,0.0,0.0,0,0,0.0,39.56
2023-11-26,normal,207,18.7,623,0.8,0.0,0,0,5.5,51.08
2023-11-27,normal,210,21.7,722,0.0,0.0,0,0,4.4,55.04
2023-11-28,normal,214,25.7,855,0.4,0.0,0,0,0.1,39.2
2023-11-29,normal,212,23.7,789,0.6,0.0,0,0,0.0,36.68
2023-11-30,normal,220,31.7,1055,0.0,0.0,0,0,0.0,49.28
2023-12-01,normal,203,14.7,490,0.0,0.0,0,0,5.3,46.04
2023-12-02,normal,201,12.7,423,0.0,0.0,0,0,0.1,61.16
2023-12-03,normal,207,18.7,623,0.0,0.0,0,0,16.2,50.18
2023-12-04,normal,206,17.7,589,0.2,0.0,0,0,0.0,51.620000000000005
2023-12-05,normal,203,14.7,490,0.1,0.0,0,0,0.0,44.06
2023-12-06,normal,213,24.7,822,0.0,0.0,0,0,0.1,41.18
2023-12-07,normal,201,12.7,423,0.2,0.0,0,0,0.0,38.3
2023-12-08,normal,204,15.7,523,0.2,0.0,0,0,0.0,48.38
2023-12-09,normal,204,15.7,523,0.2,0.0,0,0,0.0,56.3
2023-12-10,heavy_rain,273,84.7,2817,5.0,4364.15,1,0,28.1,62.6
2023-12-11,heavy_rain,289,100.7,3349,5.2,5318.53,1,0,26.9,57.38
2023-12-12,normal,206,17.7,589,0.2,0.0,0,0,0.0,43.16
2023-12-13,normal,205,16.7,556,0.0,0.0,0,0,0.0,45.5
2023-12-14,normal,216,27.7,922,0.0,0.0,0,0,0.0,40.46
2023-12-15,normal,205,16.7,556,0.3,0.0,0,0,0.0,54.5
2023-12-16,normal,205,16.7,556,0.0,0.0,0,0,0.0,52.88
2023-12-17,normal,202,13.7,456,0.0,0.0,0,0,16.8,55.58
2023-12-18,extreme_rain,367,178.7,5943,4.8,8871.64,1,0,78.9,60.08
2023-12-19,normal,201,12.7,423,0.0,0.0,0,0,0.0,43.16
2023-12-20,normal,199,10.7,357,0.0,0.0,0,0,0.0,45.68
2023-12-21,normal,213,24.7,822,0.0,0.0,0,0,0.0,39.92
2023-12-22,normal,196,7.7,257,0.0,0.0,0,0,0.0,36.86
2023-12-23,normal,213,24.7,822,0.2,0.0,0,0,0.5,42.8
2023-12-24,normal,216,27.7,922,0.0,0.0,0,0,0.0,47.84
2023-12-25,normal,211,22.7,756,0.4,0.0,0,0,0.0,52.88
2023-12-26,normal,201,12.7,423,0.0,0.0,0,0,0.0,45.86
2023-12-27,normal,201,12.7,423,0.0,0.0,0,0,5.2,48.38
2023-12-28,heavy_rain,264,75.7,2518,5.7,4393.34,1,0,40.1,53.06
2023-12-29,normal,207,18.7,623,0.0,0.0,0,0,0.4,56.120000000000005
2023-12-30,normal,205,16.7,556,0.0,0.0,0,0,0.1,46.4
2023-12-31,normal,216,27.7,922,0.0,0.0,0,0,0.0,43.7
2024-01-01,normal,219,30.7,1022,0.3,0.0,0,0,0.0,45.86
2024-01-02,normal,229,40.7,1354,0.6,0.0,0,0,0.0,42.260000000000005
2024-01-03,normal,214,25.7,855,0.0,0.0,0,0,0.0,45.86
2024-01-04,normal,214,25.7,855,0.0,0.0,0,0,0.0,44.24
2024-01-05,normal,224,35.7,1188,0.0,0.0,0,0,0.0,37.58
2024-01-06,normal,210,21.7,722,0.0,0.0,0,0,11.0,37.04
2024-01-07,normal,224,35.7,1188,0.1,0.0,0,0,7.3,36.5
2024-01-08,normal,220,31.7,1055,0.0,0.0,0,0,0.0,43.34
2024-01-09,heavy_rain,297,108.7,3615,5.0,5571.35,1,0,31.5,54.68
2024-01-10,heavy_rain,297,108.7,3615,5.2,5847.58,1,0,28.2,56.84
2024-01-11,normal,217,28.7,955,0.0,0.0,0,0,0.0,46.58
2024-01-12,normal,218,29.7,988,0.4,0.0,0,0,0.8,46.58
2024-01-13,normal,205,16.7,556,0.1,0.0,0,0,22.9,58.28
2024-01-14,normal,216,27.7,922,0.3,0.0,0,0,0.5,43.34
2024-01-15,normal,218,29.7,988,0.5,0.0,0,0,0.8,30.56
2024-01-16,normal,213,24.7,822,0.0,0.0,0,0,9.5,30.38
2024-01-17,normal,216,27.7,922,0.1,0.0,0,0,0.0,24.44
2024-01-18,normal,219,30.7,1022,0.0,0.0,0,0,0.3,32.72
2024-01-19,normal,215,26.7,889,0.3,0.0,0,0,2.7,30.38
2024-01-20,normal,216,27.7,922,0.0,0.0,0,0,0.0,26.06
2024-01-21,normal,223,34.7,1155,0.0,0.0,0,0,0.0,30.02
2024-01-22,normal,212,23.7,789,0.1,0.0,0,0,0.0,38.48
2024-01-23,normal,220,31.7,1055,0.0,0.0,0,0,1.7,40.28
2024-01-24,normal,222,33.7,1121,0.4,0.0,0,0,3.2,42.08
2024-01-25,normal,213,24.7,822,0.0,0.0,0,0,5.6,52.52
2024-01-26,normal,216,27.7,922,0.4,0.0,0,0,4.6,46.94
2024-01-27,normal,215,26.7,889,0.4,0.0,0,0,0.0,47.48
2024-01-28,normal,217,28.7,955,0.3,0.0,0,0,21.3,39.56
2024-01-29,normal,218,29.7,988,0.7,0.0,0,0,0.7,42.44
2024-01-30,normal,221,32.7,1088,0.0,0.0,0,0,0.0,39.74
2024-01-31,normal,210,21.7,722,0.0,0.0,0,0,0.2,39.92
2024-02-01,normal,223,34.7,1155,0.1,0.0,0,0,0.6,48.2
2024-02-02,normal,231,42.7,1421,0.0,0.0,0,0,6.3,42.8
2024-02-03,normal,222,33.7,1121,0.5,0.0,0,0,0.0,42.8
2024-02-04,normal,228,39.7,1321,0.4,0.0,0,0,0.0,45.5
2024-02-05,normal,217,28.7,955,0.0,0.0,0,0,0.0,44.78
2024-02-06,normal,221,32.7,1088,0.0,0.0,0,0,0.0,42.260000000000005
2024-02-07,normal,221,32.7,1088,0.1,0.0,0,0,0.0,46.58
2024-02-08,normal,219,30.7,1022,0.4,0.0,0,0,0.0,50.0
2024-02-09,normal,221,32.7,1088,0.2,0.0,0,0,0.0,52.52
2024-02-10,normal,222,33.7,1121,0.1,0.0,0,0,0.1,60.62
2024-02-11,normal,221,32.7,1088,0.0,0.0,0,0,0.0,48.2
2024-02-12,normal,228,39.7,1321,0.0,0.0,0,0,0.1,48.38
2024-02-13,heavy_rain,307,118.7,3948,5.0,6025.58,1,0,27.7,38.12
2024-02-14,normal,223,34.7,1155,0.0,0.0,0,0,0.0,32.54
2024-02-15,normal,227,38.7,1288,0.1,0.0,0,0,0.2,37.04
2024-02-16,normal,227,38.7,1288,0.4,0.0,0,0,0.0,41.18
2024-02-17,normal,227,38.7,1288,0.0,0.0,0,0,5.9,35.96
2024-02-18,normal,219,30.7,1022,0.0,0.0,0,0,0.0,40.82
2024-02-19,normal,219,30.7,1022,0.0,0.0,0,0,0.0,39.38
2024-02-20,normal,221,32.7,1088,0.3,0.0,0,0,0.0,36.14
2024-02-21,normal,219,30.7,1022,0.1,0.0,0,0,0.0,40.28
2024-02-22,normal,219,30.7,1022,0.0,0.0,0,0,0.3,44.24
2024-02-23,normal,223,34.7,1155,0.0,0.0,0,0,3.1,46.76
2024-02-24,normal,227,38.7,1288,0.4,0.0,0,0,0.0,42.08
2024-02-25,normal,224,35.7,1188,0.3,0.0,0,0,0.0,39.38
2024-02-26,normal,227,38.7,1288,0.0,0.0,0,0,2.9,52.52
2024-02-27,normal,228,39.7,1321,0.1,0.0,0,0,3.8,57.02
2024-02-28,normal,229,40.7,1354,0.1,0.0,0,0,15.7,62.78
2024-02-29,normal,222,33.7,1121,0.1,0.0,0,0,0.1,44.06
2024-03-01,normal,216,27.7,922,0.0,0.0,0,0,0.0,42.620000000000005
2024-03-02,heavy_rain,277,88.7,2950,4.8,4396.19,1,0,28.1,50.18
2024-03-03,normal,221,32.7,1088,0.3,0.0,0,0,0.0,65.66
2024-03-04,normal,209,20.7,689,0.1,0.0,0,0,0.0,57.92
2024-03-05,normal,213,24.7,822,0.5,0.0,0,0,20.3,47.120000000000005
2024-03-06,heavy_rain,292,103.7,3449,5.0,5329.0,1,0,33.2,49.64
2024-03-07,normal,212,23.7,789,0.4,0.0,0,0,3.5,54.68
2024-03-08,normal,215,26.7,889,0.2,0.0,0,0,0.0,54.32
2024-03-09,heavy_rain,287,98.7,3283,4.7,4742.08,1,0,28.7,46.22
2024-03-10,normal,203,14.7,490,0.0,0.0,0,0,20.9,51.620000000000005
2024-03-11,normal,210,21.7,722,0.1,0.0,0,0,0.0,50.18
2024-03-12,normal,206,17.7,589,0.3,0.0,0,0,0.0,63.5
2024-03-13,normal,210,21.7,722,0.0,0.0,0,0,0.0,59.72
2024-03-14,normal,210,21.7,722,0.0,0.0,0,0,0.0,70.16
2024-03-15,normal,201,12.7,423,0.0,0.0,0,0,0.8,70.88
2024-03-16,normal,209,20.7,689,0.2,0.0,0,0,0.1,57.92
2024-03-17,normal,208,19.7,656,0.0,0.0,0,0,0.4,60.440000000000005
2024-03-18,normal,211,22.7,756,0.1,0.0,0,0,0.0,48.56
2024-03-19,normal,212,23.7,789,0.1,0.0,0,0,0.5,45.5
2024-03-20,normal,206,17.7,589,0.0,0.0,0,0,2.8,53.42
2024-03-21,normal,206,17.7,589,0.6,0.0,0,0,0.0,42.08
2024-03-22,normal,212,23.7,789,0.1,0.0,0,0,0.0,42.260000000000005
2024-03-23,extreme_rain,366,177.7,5909,5.2,9439.9,1,0,63.6,50.0
2024-03-24,normal,203,14.7,490,0.0,0.0,0,0,0.0,47.48
2024-03-25,normal,198,9.7,323,0.1,0.0,0,0,0.0,50.36
2024-03-26,normal,207,18.7,623,0.0,0.0,0,0,0.0,49.82
2024-03-27,normal,213,24.7,822,0.0,0.0,0,0,0.6,51.620000000000005
2024-03-28,normal,207,18.7,623,0.0,0.0,0,0,21.5,51.26
2024-03-29,normal,218,29.7,988,0.1,0.0,0,0,0.4,54.68
2024-03-30,normal,209,20.7,689,0.0,0.0,0,0,0.1,58.28
2024-03-31,normal,210,21.7,722,0.0,0.0,0,0,0.2,61.16
2024-04-01,normal,224,35.7,1188,0.4,0.0,0,0,3.3,54.68
2024-04-02,normal,221,32.7,1088,0.2,0.0,0,0,19.0,48.02
2024-04-03,heavy_rain,313,124.7,4147,5.7,7230.72,1,0,25.6,44.42
2024-04-04,normal,229,40.7,1354,0.0,0.0,0,0,9.1,48.56
2024-04-05,normal,230,41.7,1387,0.0,0.0,0,0,0.0,49.28
2024-04-06,normal,223,34.7,1155,0.0,0.0,0,0,0.2,52.7
2024-04-07,normal,226,37.7,1254,0.4,0.0,0,0,0.1,57.74
2024-04-08,normal,222,33.7,1121,0.0,0.0,0,0,1.0,64.4
2024-04-09,normal,222,33.7,1121,0.0,0.0,0,0,0.0,75.2
2024-04-10,normal,223,34.7,1155,0.0,0.0,0,0,0.6,60.62
2024-04-11,normal,215,26.7,889,0.0,0.0,0,0,6.5,62.78
2024-04-12,normal,225,36.7,1221,0.0,0.0,0,0,14.9,67.28
2024-04-13,normal,227,38.7,1288,0.0,0.0,0,0,2.0,53.78
2024-04-14,normal,219,30.7,1022,0.0,0.0,0,0,0.9,71.96
2024-04-15,normal,222,33.7,1121,0.3,0.0,0,0,0.0,76.64
2024-04-16,normal,222,33.7,1121,0.1,0.0,0,0,0.0,68.9
2024-04-17,normal,224,35.7,1188,0.0,0.0,0,0,3.0,60.08
2024-04-18,normal,225,36.7,1221,0.1,0.0,0,0,6.2,48.92
2024-04-19,normal,227,38.7,1288,0.5,0.0,0,0,0.0,55.76
2024-04-20,normal,225,36.7,1221,0.0,0.0,0,0,2.3,68.18
2024-04-21,normal,221,32.7,1088,0.4,0.0,0,0,0.0,53.78
2024-04-22,normal,221,32.7,1088,0.0,0.0,0,0,0.0,59.0
2024-04-23,normal,226,37.7,1254,0.0,0.0,0,0,0.0,58.64
2024-04-24,normal,225,36.7,1221,0.3,0.0,0,0,1.6,70.52
2024-04-25,normal,236,47.7,1587,0.0,0.0,0,0,0.0,54.14
2024-04-26,normal,230,41.7,1387,0.0,0.0,0,0,0.0,58.28
2024-04-27,normal,224,35.7,1188,0.2,0.0,0,0,0.3,58.1
2024-04-28,normal,227,38.7,1288,0.0,0.0,0,0,0.6,73.04
2024-04-29,normal,229,40.7,1354,0.0,0.0,0,0,3.4,82.94
2024-04-30,normal,222,33.7,1121,0.0,0.0,0,0,2.2,73.22
2024-05-01,normal,212,23.7,789,0.0,0.0,0,0,1.5,76.64
2024-05-02,normal,211,22.7,756,0.0,0.0,0,0,0.0,82.04
2024-05-03,normal,220,31.7,1055,0.0,0.0,0,0,0.0,62.96
2024-05-04,normal,217,28.7,955,0.3,0.0,0,0,0.0,61.7
2024-05-05,normal,220,31.7,1055,0.0,0.0,0,0,8.6,53.78
2024-05-06,normal,222,33.7,1121,0.1,0.0,0,0,0.8,72.68
2024-05-07,normal,215,26.7,889,0.0,0.0,0,0,0.0,78.98
2024-05-08,normal,218,29.7,988,0.0,0.0,0,0,0.0,87.61999999999999
2024-05-09,normal,221,32.7,1088,0.0,0.0,0,0,0.0,69.8
2024-05-10,normal,215,26.7,889,0.4,0.0,0,0,12.9,59.18
2024-05-11,normal,214,25.7,855,0.4,0.0,0,0,0.0,61.7
2024-05-12,normal,225,36.7,1221,0.6,0.0,0,0,7.6,56.120000000000005
2024-05-13,normal,220,31.7,1055,0.0,0.0,0,0,0.0,68.0
2024-05-14,normal,221,32.7,1088,0.2,0.0,0,0,3.2,72.5
2024-05-15,normal,216,27.7,922,0.2,0.0,0,0,6.8,67.64
2024-05-16,normal,211,22.7,756,0.0,0.0,0,0,4.8,66.2
2024-05-17,normal,216,27.7,922,0.0,0.0,0,0,0.0,72.68
2024-05-18,normal,217,28.7,955,0.0,0.0,0,0,2.2,73.04
2024-05-19,normal,217,28.7,955,0.3,0.0,0,0,0.2,74.12
2024-05-20,normal,222,33.7,1121,0.2,0.0,0,0,0.0,74.84
2024-05-21,normal,226,37.7,1254,0.0,0.0,0,0,0.0,80.78
2024-05-22,normal,214,25.7,855,0.0,0.0,0,0,0.0,83.3
2024-05-23,normal,212,23.7,789,0.0,0.0,0,0,3.0,80.78
2024-05-24,normal,221,32.7,1088,0.0,0.0,0,0,0.0,84.91999999999999
2024-05-25,normal,221,32.7,1088,0.0,0.0,0,0,0.0,78.8
2024-05-26,normal,218,29.7,988,0.1,0.0,0,0,0.2,78.8
2024-05-27,heavy_rain,289,100.7,3349,5.0,5197.31,1,0,34.6,72.5
2024-05-28,normal,225,36.7,1221,0.0,0.0,0,0,0.0,80.78
2024-05-29,normal,220,31.7,1055,0.2,0.0,0,0,12.4,77.18
2024-05-30,normal,211,22.7,756,0.0,0.0,0,0,2.2,71.06
2024-05-31,normal,221,32.7,1088,0.0,0.0,0,0,0.0,77.0
2024-06-01,normal,194,5.7,190,0.0,0.0,0,0,0.0,82.58
2024-06-02,normal,190,1.7,57,0.0,0.0,0,0,0.0,81.14
2024-06-03,normal,198,9.7,323,0.0,0.0,0,0,0.2,86.0
2024-06-04,normal,186,0.0,0,0.0,0.0,0,0,0.0,78.08
2024-06-05,normal,196,7.7,257,0.0,0.0,0,0,6.6,79.16
2024-06-06,heavy_rain,258,69.7,2318,4.6,3286.92,1,0,40.5,82.04
2024-06-07,normal,189,0.7,24,0.1,0.0,0,0,0.5,83.3
2024-06-08,normal,186,0.0,0,0.0,0.0,0,0,0.0,77.54
2024-06-09,normal,198,9.7,323,0.0,0.0,0,0,0.1,77.72
2024-06-10,normal,187,0.0,0,0.0,0.0,0,0,0.0,76.1
2024-06-11,normal,195,6.7,224,0.0,0.0,0,0,1.1,74.12
2024-06-12,normal,195,6.7,224,0.0,0.0,0,0,0.0,78.44
2024-06-13,normal,194,5.7,190,0.0,0.0,0,0,0.0,84.2
2024-06-14,normal,197,8.7,290,0.0,0.0,0,0,18.9,85.28
2024-06-15,normal,182,0.0,0,0.0,0.0,0,0,0.0,81.32
2024-06-16,normal,195,6.7,224,0.0,0.0,0,0,0.0,75.2
2024-06-17,normal,191,2.7,91,0.0,0.0,0,0,0.0,85.1
2024-06-18,normal,198,9.7,323,0.0,0.0,0,0,0.0,86.0
2024-06-19,normal,194,5.7,190,0.0,0.0,0,0,0.0,87.98
2024-06-20,extreme_heat,229,40.7,1354,5.8,2417.11,0,1,0.0,92.12
2024-06-21,heat_emergency,254,65.7,2185,5.5,3675.46,0,1,0.0,95.9
2024-06-22,extreme_heat,233,44.7,1487,5.5,2542.91,0,1,5.0,94.46
2024-06-23,heat_emergency,244,55.7,1853,5.0,2838.03,0,1,0.1,97.34
2024-06-24,normal,192,3.7,124,0.1,0.0,0,0,0.0,80.96
2024-06-25,extreme_heat,246,57.7,1919,4.7,2795.81,0,1,0.0,92.84
2024-06-26,heat_emergency,240,51.7,1720,4.9,2608.94,0,1,0.1,96.44
2024-06-27,normal,201,12.7,423,0.5,0.0,0,0,10.6,86.72
2024-06-28,normal,192,3.7,124,0.1,0.0,0,0,0.0,77.9
2024-06-29,normal,195,6.7,224,0.4,0.0,0,0,1.7,80.42
2024-06-30,extreme_heat,244,55.7,1853,5.1,2917.51,0,1,20.8,92.3
2024-07-01,normal,186,0.0,0,0.4,0.0,0,0,0.1,80.42
2024-07-02,normal,192,3.7,124,0.0,0.0,0,0,0.0,83.84
2024-07-03,normal,182,0.0,0,0.2,0.0,0,0,0.0,82.58
2024-07-04,normal,188,0.0,0,0.0,0.0,0,0,1.8,86.9
2024-07-05,extreme_heat,237,48.7,1620,5.1,2535.8,0,1,1.7,89.96000000000001
2024-07-06,extreme_heat,241,52.7,1753,5.1,2758.09,0,1,3.2,91.76
2024-07-07,extreme_heat,230,41.7,1387,5.3,2268.18,0,1,1.6,90.86
2024-07-08,extreme_heat,227,38.7,1288,4.8,1899.69,0,1,0.0,91.4
2024-07-09,normal,190,1.7,57,0.0,0.0,0,0,0.2,87.8
2024-07-10,normal,191,2.7,91,0.1,0.0,0,0,0.3,89.78
2024-07-11,extreme_heat,242,53.7,1786,5.1,2791.24,0,1,5.6,94.1
2024-07-12,normal,183,0.0,0,0.5,0.0,0,0,6.0,85.1
2024-07-13,heavy_rain,261,72.7,2418,5.2,3908.09,1,0,27.5,87.44
2024-07-14,normal,196,7.7,257,0.0,0.0,0,0,1.2,88.52
2024-07-15,heat_emergency,242,53.7,1786,4.5,2458.39,0,1,0.5,95.36
2024-07-16,heat_emergency,232,43.7,1454,5.4,2437.32,0,1,0.8,95.36
2024-07-17,heavy_rain,250,61.7,2052,5.0,3171.13,1,0,33.7,89.78
2024-07-18,normal,188,0.0,0,0.1,0.0,0,0,0.4,87.61999999999999
2024-07-19,normal,188,0.0,0,0.0,0.0,0,0,0.0,84.2
2024-07-20,normal,189,0.7,24,0.0,0.0,0,0,2.1,84.02
2024-07-21,normal,185,0.0,0,0.0,0.0,0,0,0.1,88.7
2024-07-22,normal,188,0.0,0,0.0,0.0,0,0,4.5,83.3
2024-07-23,normal,180,0.0,0,0.0,0.0,0,0,3.3,85.28
2024-07-24,normal,189,0.7,24,0.5,0.0,0,0,8.8,85.1
2024-07-25,normal,186,0.0,0,0.0,0.0,0,0,0.0,87.44
2024-07-26,normal,195,6.7,224,0.2,0.0,0,0,0.0,85.1
2024-07-27,normal,184,0.0,0,0.0,0.0,0,0,0.0,86.0
2024-07-28,normal,186,0.0,0,0.1,0.0,0,0,0.0,88.7
2024-07-29,normal,187,0.0,0,0.0,0.0,0,0,4.0,85.1
2024-07-30,normal,191,2.7,91,0.0,0.0,0,0,0.0,89.78
2024-07-31,normal,184,0.0,0,0.0,0.0,0,0,9.9,89.6
2024-08-01,extreme_heat,237,48.7,1620,5.2,2587.92,0,1,0.1,94.82
2024-08-02,extreme_heat,229,40.7,1354,4.7,1970.59,0,1,10.0,91.4
2024-08-03,extreme_heat,243,54.7,1820,4.6,2565.13,0,1,13.1,91.58
2024-08-04,normal,191,2.7,91,0.0,0.0,0,0,13.7,82.94
2024-08-05,normal,189,0.7,24,0.0,0.0,0,0,0.0,89.6
2024-08-06,heavy_rain,265,76.7,2551,5.4,4215.39,1,1,37.5,90.68
2024-08-07,normal,188,0.0,0,0.0,0.0,0,0,24.0,72.86
2024-08-08,normal,187,0.0,0,0.0,0.0,0,0,5.7,74.3
2024-08-09,normal,192,3.7,124,0.2,0.0,0,0,23.7,83.3
2024-08-10,normal,197,8.7,290,0.0,0.0,0,0,1.0,85.1
2024-08-11,normal,182,0.0,0,0.0,0.0,0,0,0.0,81.5
2024-08-12,normal,187,0.0,0,0.0,0.0,0,0,0.0,79.52
2024-08-13,normal,193,4.7,157,0.0,0.0,0,0,0.0,80.78
2024-08-14,normal,186,0.0,0,0.0,0.0,0,0,0.1,83.3
2024-08-15,normal,192,3.7,124,0.1,0.0,0,0,0.0,86.72
2024-08-16,normal,188,0.0,0,0.0,0.0,0,0,0.0,86.9
2024-08-17,normal,188,0.0,0,0.0,0.0,0,0,4.6,79.7
2024-08-18,heavy_rain,255,66.7,2219,5.4,3710.56,1,0,27.5,78.44
2024-08-19,heavy_rain,256,67.7,2252,4.5,3126.22,1,0,29.7,83.3
2024-08-20,normal,190,1.7,57,0.0,0.0,0,0,0.1,72.5
2024-08-21,normal,185,0.0,0,0.0,0.0,0,0,0.0,73.04
2024-08-22,normal,189,0.7,24,0.5,0.0,0,0,0.0,76.28
2024-08-23,normal,186,0.0,0,0.1,0.0,0,0,0.0,81.5
2024-08-24,normal,197,8.7,290,0.0,0.0,0,0,0.0,86.0
2024-08-25,normal,195,6.7,224,0.4,0.0,0,0,0.2,86.36
2024-08-26,normal,193,4.7,157,0.0,0.0,0,0,0.9,86.0
2024-08-27,normal,190,1.7,57,0.2,0.0,0,0,0.0,85.82
2024-08-28,extreme_heat,244,55.7,1853,5.2,2972.15,0,1,0.0,93.56
2024-08-29,normal,195,6.7,224,0.1,0.0,0,0,4.6,80.6
2024-08-30,normal,192,3.7,124,0.0,0.0,0,0,3.9,75.2
2024-08-31,normal,188,0.0,0,0.0,0.0,0,0,0.9,78.44
2024-09-01,normal,209,20.7,689,0.0,0.0,0,0,4.8,84.38000000000001
2024-09-02,normal,208,19.7,656,0.1,0.0,0,0,0.0,79.16
2024-09-03,normal,204,15.7,523,0.0,0.0,0,0,0.0,73.4
2024-09-04,normal,203,14.7,490,0.4,0.0,0,0,0.0,77.18
2024-09-05,normal,204,15.7,523,0.0,0.0,0,0,0.0,78.08
2024-09-06,normal,205,16.7,556,0.0,0.0,0,0,0.1,79.7
2024-09-07,normal,210,21.7,722,0.0,0.0,0,0,3.1,76.1
2024-09-08,normal,204,15.7,523,0.1,0.0,0,0,0.0,71.42
2024-09-09,normal,199,10.7,357,0.0,0.0,0,0,0.0,77.0
2024-09-10,normal,204,15.7,523,0.0,0.0,0,0,0.0,78.98
2024-09-11,normal,201,12.7,423,0.0,0.0,0,0,0.0,77.9
2024-09-12,normal,201,12.7,423,0.0,0.0,0,0,0.0,79.34
2024-09-13,normal,204,15.7,523,0.0,0.0,0,0,0.0,81.5
2024-09-14,normal,203,14.7,490,0.0,0.0,0,0,0.0,85.28
2024-09-15,normal,200,11.7,390,0.0,0.0,0,0,0.0,82.58
2024-09-16,normal,200,11.7,390,0.3,0.0,0,0,0.0,78.44
2024-09-17,normal,205,16.7,556,0.3,0.0,0,0,0.0,80.96
2024-09-18,normal,212,23.7,789,0.0,0.0,0,0,0.0,75.02
2024-09-19,normal,211,22.7,756,0.7,0.0,0,0,0.0,85.64
2024-09-20,normal,201,12.7,423,0.0,0.0,0,0,0.0,82.04
2024-09-21,normal,206,17.7,589,0.0,0.0,0,0,0.0,80.78
2024-09-22,normal,201,12.7,423,0.0,0.0,0,0,0.0,77.72
2024-09-23,normal,211,22.7,756,0.0,0.0,0,0,0.1,69.98
2024-09-24,normal,204,15.7,523,0.3,0.0,0,0,0.0,68.36
2024-09-25,normal,209,20.7,689,0.0,0.0,0,0,1.1,69.44
2024-09-26,normal,201,12.7,423,0.3,0.0,0,0,4.4,74.12
2024-09-27,normal,200,11.7,390,0.0,0.0,0,0,0.9,72.14
2024-09-28,normal,210,21.7,722,0.0,0.0,0,0,13.7,68.0
2024-09-29,normal,199,10.7,357,0.0,0.0,0,0,1.2,65.48
2024-09-30,normal,207,18.7,623,0.3,0.0,0,0,0.0,73.22
2024-10-01,normal,208,19.7,656,0.0,0.0,0,0,0.0,71.96
2024-10-02,normal,213,24.7,822,0.8,0.0,0,0,0.0,69.25999999999999
2024-10-03,normal,210,21.7,722,0.3,0.0,0,0,0.1,72.32
2024-10-04,normal,208,19.7,656,0.0,0.0,0,0,0.2,74.12
2024-10-05,normal,208,19.7,656,0.1,0.0,0,0,0.4,75.2
2024-10-06,normal,205,16.7,556,0.4,0.0,0,0,0.0,71.42
2024-10-07,normal,203,14.7,490,0.0,0.0,0,0,5.5,74.48
2024-10-08,normal,206,17.7,589,0.0,0.0,0,0,0.0,69.62
2024-10-09,normal,211,22.7,756,0.0,0.0,0,0,0.1,68.36
2024-10-10,normal,204,15.7,523,0.0,0.0,0,0,0.0,64.4
2024-10-11,normal,206,17.7,589,0.0,0.0,0,0,0.0,69.98
2024-10-12,normal,213,24.7,822,0.0,0.0,0,0,0.0,73.58
2024-10-13,normal,210,21.7,722,0.8,0.0,0,0,0.0,74.48
2024-10-14,normal,205,16.7,556,0.0,0.0,0,0,0.0,67.1
2024-10-15,normal,210,21.7,722,0.0,0.0,0,0,0.2,58.46
2024-10-16,normal,210,21.7,722,0.2,0.0,0,0,0.0,59.9
2024-10-17,normal,211,22.7,756,0.6,0.0,0,0,0.0,59.36
2024-10-18,normal,208,19.7,656,0.1,0.0,0,0,0.0,67.1
2024-10-19,normal,215,26.7,889,0.0,0.0,0,0,0.0,70.88
2024-10-20,normal,211,22.7,756,0.0,0.0,0,0,0.0,76.28
2024-10-21,normal,203,14.7,490,0.2,0.0,0,0,0.0,82.04
2024-10-22,normal,213,24.7,822,0.0,0.0,0,0,0.0,82.04
2024-10-23,normal,211,22.7,756,0.0,0.0,0,0,0.0,77.72
2024-10-24,normal,219,30.7,1022,0.4,0.0,0,0,0.6,69.44
2024-10-25,normal,207,18.7,623,0.0,0.0,0,0,0.0,64.58
2024-10-26,normal,212,23.7,789,0.0,0.0,0,0,0.0,64.94
2024-10-27,normal,204,15.7,523,0.0,0.0,0,0,0.0,58.82
2024-10-28,normal,211,22.7,756,0.0,0.0,0,0,0.0,61.16
2024-10-29,normal,203,14.7,490,0.0,0.0,0,0,1.1,63.5
2024-10-30,normal,211,22.7,756,0.4,0.0,0,0,0.0,78.62
2024-10-31,normal,199,10.7,357,0.0,0.0,0,0,0.0,82.75999999999999
2024-11-01,normal,196,7.7,257,0.0,0.0,0,0,0.3,79.88
2024-11-02,normal,206,17.7,589,0.2,0.0,0,0,0.0,60.62
2024-11-03,normal,194,5.7,190,0.1,0.0,0,0,0.0,55.76
2024-11-04,normal,198,9.7,323,0.3,0.0,0,0,0.0,57.92
2024-11-05,normal,200,11.7,390,0.2,0.0,0,0,0.0,72.5
2024-11-06,normal,202,13.7,456,0.0,0.0,0,0,0.0,80.6
2024-11-07,normal,203,14.7,490,0.0,0.0,0,0,0.0,73.4
2024-11-08,normal,203,14.7,490,0.0,0.0,0,0,0.0,69.08
2024-11-09,normal,198,9.7,323,0.4,0.0,0,0,0.0,55.4
2024-11-10,normal,206,17.7,589,0.1,0.0,0,0,0.7,57.92
2024-11-11,normal,195,6.7,224,0.1,0.0,0,0,3.3,69.8
2024-11-12,normal,201,12.7,423,0.0,0.0,0,0,0.0,53.78
2024-11-13,normal,204,15.7,523,0.6,0.0,0,0,0.0,48.38
2024-11-14,normal,198,9.7,323,0.0,0.0,0,0,0.0,46.04
2024-11-15,normal,201,12.7,423,0.0,0.0,0,0,0.0,58.64
2024-11-16,normal,192,3.7,124,0.0,0.0,0,0,0.0,61.7
2024-11-17,normal,200,11.7,390,0.0,0.0,0,0,0.0,64.4
2024-11-18,normal,206,17.7,589,0.0,0.0,0,0,0.0,64.22
2024-11-19,normal,198,9.7,323,0.3,0.0,0,0,0.0,58.64
2024-11-20,normal,194,5.7,190,0.3,0.0,0,0,0.0,60.62
2024-11-21,heavy_rain,268,79.7,2651,4.5,3641.08,1,0,42.3,53.96
2024-11-22,normal,201,12.7,423,0.3,0.0,0,0,14.9,40.82
2024-11-23,normal,192,3.7,124,0.0,0.0,0,0,1.4,48.02
2024-11-24,normal,192,3.7,124,0.1,0.0,0,0,0.0,51.620000000000005
2024-11-25,normal,200,11.7,390,0.1,0.0,0,0,0.0,51.44
2024-11-26,normal,201,12.7,423,0.3,0.0,0,0,3.7,58.82
2024-11-27,normal,191,2.7,91,0.4,0.0,0,0,0.0,50.54
2024-11-28,normal,191,2.7,91,0.1,0.0,0,0,13.1,53.06
2024-11-29,normal,198,9.7,323,0.4,0.0,0,0,0.2,46.04
2024-11-30,normal,200,11.7,390,0.0,0.0,0,0,0.0,38.3
2024-12-01,normal,214,25.7,855,0.0,0.0,0,0,0.0,36.86
2024-12-02,normal,213,24.7,822,0.0,0.0,0,0,0.0,39.2
2024-12-03,normal,219,30.7,1022,0.1,0.0,0,0,0.0,41.36
2024-12-04,normal,213,24.7,822,0.2,0.0,0,0,0.0,38.84
2024-12-05,normal,212,23.7,789,0.0,0.0,0,0,3.6,40.28
2024-12-06,normal,208,19.7,656,0.0,0.0,0,0,0.0,32.36
2024-12-07,normal,204,15.7,523,0.4,0.0,0,0,0.0,40.46
2024-12-08,normal,207,18.7,623,0.0,0.0,0,0,0.0,52.52
2024-12-09,normal,209,20.7,689,0.0,0.0,0,0,7.4,50.72
2024-12-10,normal,219,30.7,1022,0.0,0.0,0,0,2.1,51.98
2024-12-11,heavy_rain,272,83.7,2784,5.2,4491.77,1,0,34.3,60.98
2024-12-12,normal,214,25.7,855,0.1,0.0,0,0,0.1,41.36
2024-12-13,normal,208,19.7,656,0.2,0.0,0,0,0.0,32.36
2024-12-14,normal,212,23.7,789,0.1,0.0,0,0,0.0,33.08
2024-12-15,normal,209,20.7,689,0.3,0.0,0,0,0.1,37.4
2024-12-16,normal,205,16.7,556,0.1,0.0,0,0,15.4,49.1
2024-12-17,normal,204,15.7,523,0.0,0.0,0,0,4.7,58.46
2024-12-18,normal,205,16.7,556,0.3,0.0,0,0,2.5,49.82
2024-12-19,normal,210,21.7,722,0.0,0.0,0,0,2.6,44.24
2024-12-20,normal,210,21.7,722,0.0,0.0,0,0,1.7,36.5
2024-12-21,normal,207,18.7,623,0.0,0.0,0,0,4.1,32.54
2024-12-22,normal,210,21.7,722,0.5,0.0,0,0,0.0,19.58
2024-12-23,normal,210,21.7,722,0.4,0.0,0,0,0.0,24.8
2024-12-24,normal,211,22.7,756,0.0,0.0,0,0,1.9,34.7
2024-12-25,normal,208,19.7,656,0.0,0.0,0,0,0.0,32.36
2024-12-26,normal,216,27.7,922,0.1,0.0,0,0,0.0,31.64
2024-12-27,normal,214,25.7,855,0.3,0.0,0,0,0.0,35.6
2024-12-28,normal,208,19.7,656,0.0,0.0,0,0,5.6,44.96
2024-12-29,normal,214,25.7,855,0.0,0.0,0,0,2.7,60.98
2024-12-30,normal,208,19.7,656,0.0,0.0,0,0,5.8,55.4
2024-12-31,normal,206,17.7,589,0.5,0.0,0,0,5.9,49.46
